Gene,Chr,37C,38C,log2FoldChange,p-adj
1190007I07Rik,chr10,0.1130141267658457,0.08382297787223399,-0.4065189074264187,0.0001573532985532
1500011B03Rik,chr5,0.0915789913159652,0.06929136049877531,-0.3830883340391972,0.000113081494509
1600014C10Rik,chr7,0.0920517291485033,0.12922600019374209,0.3932555975290707,0.0004741456669265
1700003F12Rik,chr2,0.0890675895765472,0.038816503800217096,-1.1209790839204,1.714346863991361e-09
2310009B15Rik,chr1,0.10315519139048546,0.07080836492601193,-0.4940574483813425,7.345312387075192e-05
2310011J03Rik,chr10,0.09821220282908823,0.0758735746753476,-0.3675743370607505,0.0005355329756695
2310039H08Rik,chr17,0.09776895943562605,0.07108759553203997,-0.4378915845187105,5.099644490452027e-05
2410015M20Rik,chr17,0.1079052498360855,0.0800054892273912,-0.4095357267133086,0.000195825577371
2610001J05Rik,chr6,0.09425231774828252,0.06877654016318724,-0.4426663288530868,8.486765440042216e-05
3110070M22Rik,chr13,0.10162601626016257,0.05389942788316767,-0.6729766027178051,0.0005050431459643
3110082I17Rik,chr5,0.08934448503879945,0.046066205702668096,-0.9392034552123524,3.257171905340601e-12
4931414P19Rik,chr14,0.08654828819621868,0.1405212059274399,0.5095904542195966,0.0009515785516815
9430038I01Rik,chr7,0.09282263630089713,0.059949390384172935,-0.5650474668247243,2.663259703958011e-05
9930111J21Rik2,chr11,0.08165829145728637,0.14806173725771712,0.6836803292113689,3.780640018708812e-07
A430005L14Rik,chr4,0.10459862706640509,0.06685657358114627,-0.630244420354903,1.738893658146648e-09
AU040320,chr4,0.08555007739494347,0.130883448948002,0.4989163042284615,3.260835633706637e-05
AW011738,chr4,0.07488610478359907,0.16249050873196655,0.7337610771518714,0.0005266082655284
Aars,chr8,0.08766544258281687,0.1338535689694744,0.506544765821626,4.888394070879407e-06
Abcg1,chr17,0.07980256835852181,0.1456567950845927,0.7422056723549196,3.513399194901117e-08
Abi1,chr2,0.0861941964285714,0.12031249999999993,0.3854964608070617,0.000422510404063
Abr,chr11,0.08224428248303589,0.13639464330592752,0.6131097934105637,4.540673413869089e-08
Abt1,chr13,0.10102864058087936,0.07680516337232751,-0.3804668425924979,0.0009814704327534
Acat2,chr17,0.1030589623484821,0.07539838619325152,-0.4366518362322513,0.0004073354371107
Acod1,chr14,0.08167396061269142,0.1270119134451738,0.4803295159953869,0.0004073354371107
Acot2,chr12,0.07556080283353005,0.13160173160173153,0.5984504932469757,0.0004863474086718
Acp2,chr2,0.08723103343772091,0.11863151160049834,0.3605854662164923,0.0005941598217201
Acvr1,chr2,0.08098949508641132,0.13758048119281596,0.6050191457395597,9.269411246048e-06
Ada,chr2,0.10391437830462219,0.07825913923474893,-0.3909446459568433,0.0007454855096665
Adam17,chr12,0.08845430468660034,0.12614030373981244,0.4198995601537475,6.111588734091513e-06
Adar,chr3,0.08523742360131636,0.13242438489265,0.5225269921183734,9.97429537282325e-07
Adgre1,chr17,0.09208261617900168,0.13323624166997658,0.4269114225276922,0.000124572660522
Adnp2,chr18,0.08628941441441437,0.1286833708708708,0.4588911076280781,9.427117878248042e-05
Aff1,chr5,0.07485645640754157,0.14855234759946243,0.8701479479750519,8.096236711452926e-10
Agap1,chr1,0.07603421859039833,0.151344909771876,0.8729664602951562,4.79988485308347e-08
Agbl5,chr5,0.09159394039189853,0.1369998353367363,0.4805816213717649,6.371374333439062e-06
Agpat4,chr17,0.08648487261146492,0.13769462137296531,0.5337435700033172,3.260835633706637e-05
Agrn,chr4,0.08379403445615835,0.1662381074826433,0.8231261288017737,4.0663431343978055e-08
Ahnak2,chr12,0.08065015479876157,0.14158926728586166,0.5985518966863062,0.0001656789309747
Aig1,chr10,0.07868048222456875,0.119954828112167,0.4838465990193787,0.0002036561081645
Akap3,chr6,0.06924882629107977,0.19718309859154926,0.9140605019236188,0.0004846072546386
Akap8,chr17,0.09507024330652544,0.07034510841901657,-0.4280106097727961,0.0001619932824659
Akna,chr4,0.08532911149491457,0.14919721102795366,0.6912268903644796,9.175604442162643e-09
Aldh18a1,chr19,0.08538662531593018,0.13285552068961304,0.517209640467078,5.623396683780368e-05
Aldh3a2,chr11,0.08493248045486847,0.12423004027481638,0.4341166434738786,0.0007415459595927
Alg1,chr16,0.08682660661701018,0.12481956233038853,0.4318081398418788,4.775517738406757e-05
Alg11,chr8,0.0932607865597556,0.06802850960926557,-0.4237765903845819,0.0004352187360998
Alg5,chr3,0.09344593100398049,0.06271192687601353,-0.5184039071681508,5.975518879305083e-05
Alkbh1,chr12,0.10156958809653416,0.07953789390915134,-0.3586136829694104,0.0007563873209147
Alyref,chr11,0.09809896656950651,0.07173323987725334,-0.4419593303088374,2.557041977262634e-05
Amd1,chr10,0.09277288455489142,0.053161371500471795,-0.7686025475107391,2.9906247092803384e-08
Amd2,chr10,0.09979973297730303,0.05651980418335554,-0.6601225117639212,0.0001624139377327
Ammecr1l,chr18,0.0865655853314527,0.13751763046544427,0.4912190659676778,0.0006134003604039
Amotl1,chr9,0.084217877094972,0.1331703910614525,0.5425279850508667,1.805617408591294e-06
Amotl2,chr9,0.08293413173652688,0.15735196274118424,0.7333797826209834,4.25488060360539e-06
Ampd3,chr7,0.08335213173922851,0.13707797578765316,0.593572460610536,4.783019945118419e-07
Ankle1,chr8,0.11634936075597549,0.08425977394848987,-0.4499394591365568,8.31549720341117e-05
Ankrd55,chr13,0.08181463160635248,0.16002777054586476,0.8222566605532202,1.708417152095846e-07
Anpep,chr7,0.07751139075721412,0.144282924712519,0.682677273228595,1.713742593159711e-05
Ap1s1,chr5,0.1060905745026663,0.07385567361120433,-0.497340064159548,1.77121084680435e-05
Ap3d1,chr10,0.08576517123771465,0.13687581145351924,0.5625166292721256,4.475851192058884e-07
Ap5s1,chr2,0.08490059108006442,0.12649113379903273,0.4502450940044412,0.000713743320031
Ap5z1,chr5,0.0854196410361003,0.1308382622883948,0.515705210060214,1.655349201729037e-06
Apex1,chr14,0.09742852309253927,0.07228331359612017,-0.4247017895135626,2.974948051041429e-05
Apobec1,chr6,0.08213739649090931,0.1364427691236356,0.624747307574111,2.185511838653925e-09
Apobr,chr7,0.09606107545917236,0.13424798996828205,0.3914611677700417,6.251714706828183e-05
Apol9a,chr15,0.06839709681387617,0.19498093246401763,1.448807970463271,1.273260883101899e-35
Apol9b,chr15,0.0655881415364998,0.20252895547763253,1.537306907084112,1.076608228256338e-24
Aprt,chr8,0.10894897163406644,0.07745646180838221,-0.4432481069578584,0.0003652535792519
Arap1,chr7,0.0894606152572768,0.13710922360391245,0.5085625525007001,7.895069235726425e-06
Arap3,chr18,0.09310339738481058,0.13828625402166528,0.4713605126184718,8.053174483028663e-07
Arel1,chr12,0.08472638948421198,0.11782635614611607,0.3663292812063496,0.0008846944385996
Arg2,chr12,0.06470588235294115,0.18117647058823527,0.9824862576805654,0.0001873541690437
Arhgap17,chr7,0.08392226148409888,0.12697477891824177,0.4912179262283122,2.098061575185769e-06
Arhgap22,chr14,0.07404508453350027,0.15216030056355664,0.8328957142982082,4.195988019148537e-06
Arhgap25,chr6,0.082878214500731,0.13298070582838792,0.5892454038062425,3.1083648574231265e-08
Arhgef2,chr3,0.08924083125661783,0.13261744583605173,0.4744063742850281,1.280460477072419e-06
Arhgef3,chr14,0.07285115303983225,0.1757512229210342,1.117611577353679,7.244850039615109e-09
Arid5b,chr10,0.08154954227248243,0.15365284509064794,0.7506642084655165,8.463718786878549e-07
Arl11,chr14,0.08046184015688153,0.11828817651845623,0.4390232973603785,0.0004819794135489
Arl2bp,chr8,0.09850029120559112,0.07338380896913217,-0.3947116630878635,0.0004895000837228
Arl6ip4,chr5,0.10097212032281727,0.07105070085338062,-0.4866116456291816,2.180564627581241e-05
Arl8a,chr1,0.0835596320106406,0.12858383211409147,0.5354593730181931,5.644254799956382e-08
Armc2,chr10,0.08090682196339427,0.1650027731558513,0.7561467460873607,7.359494076893269e-05
Armc5,chr7,0.0875427391781175,0.12478764810872413,0.4040902875731919,0.0004803428343797
Arntl,chr7,0.08622693592910065,0.1310475083539154,0.4924288510172313,1.157770057589945e-05
Atf3,chr1,0.06299217615127803,0.1879847430702447,1.326601029038302,3.2830546350313e-07
Atf5,chr7,0.0834784266378598,0.14473745525407208,0.6722297434116422,6.114654747946297e-07
Atg13,chr2,0.08690491781808656,0.12903542662563025,0.4775701147411985,6.394341644427629e-06
Atp5h,chr11,0.10716501823925383,0.08242972768564129,-0.3700576277400599,0.0003634221362109
Atp5j2,chr5,0.11429729700705543,0.0752800180414308,-0.5626279671262528,5.763510948326598e-06
Atp5k,chr5,0.11214899864610617,0.0631699869299433,-0.8021742303611392,3.97061051555465e-10
Atp5l,chr9,0.10797541998409643,0.08077585078863396,-0.4081941629635902,7.540937006616907e-05
Atp6v0a1,chr11,0.081867152379476,0.12808091768718025,0.5316705670869365,7.023772172996762e-06
Atp6v0d1,chr8,0.09129283175752695,0.12279219472943066,0.3506888174023234,0.0003879285619533
Atp6v0e,chr17,0.10490502457227915,0.07833985875187773,-0.4000404375735184,0.0002134650656069
Atp6v1c1,chr15,0.08474734517585164,0.115518678487535,0.3668197836275047,9.451175281825584e-05
Atp8b4,chr2,0.08874851206579373,0.12376005482812101,0.3751335427141268,0.0007711654861855
Atxn2l,chr7,0.08726966330194427,0.12498306347808409,0.4149178242680646,0.0001384132233451
Aurkaip1,chr4,0.10846457488514957,0.07969696561448887,-0.4186869816872854,0.0001034804495198
Axl,chr7,0.07111756168359937,0.17900338655055634,1.035849368170006,1.509536868060095e-05
B3galt6,chr4,0.1005438547873077,0.07516973811833166,-0.4123064360129999,7.932945460456051e-05
B3gnt3,chr8,0.09249999999999994,0.16064516129032255,0.6011938072929454,6.364347781836516e-05
B4galt1,chr4,0.08170750590330197,0.13227267448612237,0.5954176424161386,5.8014903855164946e-08
BC003965,chr17,0.10237120032496105,0.07911899442601487,-0.369738263065723,0.000422510404063
BC052040,chr2,0.0879126966541103,0.12578476992392348,0.4017991262277432,0.0007366274439414
Bach1,chr16,0.08464566929133856,0.11999315302978426,0.3948067808413489,0.0005572651372552
Banp,chr8,0.09817364272232704,0.13863291514007622,0.3835583388865951,0.0006481314172814
Basp1,chr15,0.08804533268340234,0.13289056787716302,0.519200254274236,1.11906552159932e-10
Batf2,chr19,0.07218844984802428,0.18059777102330288,1.203856398391329,3.019533101396709e-12
Bbc3,chr7,0.08087343858549803,0.15925860338822964,0.869854977173962,1.40377025533375e-08
Bcar3,chr3,0.07439099599136598,0.1246200607902735,0.5881317568660113,1.084346294612362e-05
Bcl10,chr3,0.08779531371030208,0.12493545055512519,0.4210845790467941,0.0001209567081946
Bcl3,chr7,0.08815483517986591,0.15228194957370167,0.6739431338490163,1.417728325003759e-08
Bcl6,chr16,0.08606033805031442,0.13643212788259954,0.4852589309363295,0.0006001709741512
Birc5,chr11,0.10145699794635629,0.08115522641939964,-0.3361412877432927,0.0001776688935732
Blvrb,chr7,0.10904740501811064,0.06990455542923613,-0.5910500220594493,1.405576880861248e-07
Bmp2,chr2,0.06137878011276263,0.2019477191184008,1.200985016410982,5.826644955340278e-05
Bola1,chr3,0.10468097066731678,0.07297388210487336,-0.4691369999515,0.0001029395612907
Bola2,chr7,0.10933861847211437,0.08123062951757924,-0.3961626006940736,0.0005986851425236
Bola3,chr6,0.1016363421550094,0.076234640831758,-0.3968365118371542,0.0006001709741512
Bora,chr14,0.09504753392378318,0.07193737981094767,-0.4010089189003118,0.0001329358632243
Bri3,chr5,0.08767720828789524,0.13234783311119183,0.4857949845737598,7.285875756560958e-05
Brox,chr1,0.0791657107899365,0.12021105758201417,0.4926285423682342,1.459891276639e-05
Bsn,chr9,0.061602870813397076,0.15550239234449756,0.8637199988525812,0.0003250452099572
Btbd1,chr7,0.09576103822824088,0.07102083039450786,-0.4215838962400489,6.565395694779102e-05
Btbd9,chr17,0.08235739525492171,0.11832407874810698,0.4173993027606039,0.0002734350889592
C1d,chr11,0.08897203205434376,0.0640025473650692,-0.4551671438596541,0.0001090551211765
C1ra,chr6,0.0895976447497546,0.128491985606804,0.4113591726093445,0.0003967950152866
C2cd2l,chr9,0.08582914189910068,0.12917238225880198,0.4818374677992976,1.454860160616588e-05
C3,chr17,0.08012000786936842,0.18060200668896317,1.006101624096802,4.9168720989375714e-08
C77080,chr4,0.077676911842804,0.12643830766507339,0.5812391048491556,2.840944502723239e-06
Cacna1a,chr8,0.08770104895104894,0.12763403263403264,0.4185220349780174,0.0002982107008232
Calm2,chr17,0.08744862341739468,0.06589627610136929,-0.3957668919518567,0.000835712960708
Caprin2,chr6,0.09304170444242968,0.035962526443034104,-1.225156444943318,2.430179236974557e-07
Cars,chr7,0.08981690140845068,0.12630046948356802,0.3906549029351644,0.0008987244550306
Cbarp,chr10,0.08751373123398017,0.14414744293909432,0.526767294485005,0.0009953674905101
Ccdc115,chr1,0.09634659928405978,0.06275707166420996,-0.5718209227907604,4.627756012615289e-06
Ccdc92,chr5,0.09149371528792745,0.1452791581408944,0.5022310912738712,0.0004109156396672
Ccnb1,chr13,0.09583986063094205,0.06855913281475073,-0.4800232946502786,1.43196824566452e-06
Ccrl2,chr9,0.0689560006308153,0.18225306208274192,1.274860580014875,2.805102889227484e-11
Cd101,chr3,0.11520737327188937,0.056126669029894806,-0.9835112713669416,3.927784833347732e-09
Cd24a,chr10,0.08501701717455881,0.05966831264385903,-0.4722882582562068,0.0003542100132016
Cd300a,chr11,0.08806924599989294,0.14662599668218543,0.6152783515568458,1.463065693994182e-06
Cd320,chr17,0.10826022223110432,0.0773811902953755,-0.4466379289649682,7.980634906720147e-05
Cd3eap,chr7,0.11144293716676783,0.07549886391757214,-0.529912331924639,2.127469296966801e-05
Cd47,chr16,0.08744512375770955,0.1171680716780234,0.3387392962915711,0.0004244029964183
Cd52,chr4,0.10894457022543669,0.07526450714896087,-0.50314316274166,2.371325482286682e-05
Cd63,chr10,0.10314708212996977,0.0772975966201766,-0.3857025395628603,0.0008291455569943
Cd93,chr2,0.07306889352818367,0.16075156576200414,0.9070595468829667,3.541696428515053e-06
Cdc26,chr4,0.1056770186335403,0.07272877846790891,-0.49445734207925,0.0001994187347441
Cdc42ep2,chr19,0.08824987605354483,0.1536936043629152,0.6576810059525687,3.554080592066829e-06
Cdca3,chr6,0.09673262387761884,0.07080952524916607,-0.451309073059734,3.430652301151365e-07
Cdk1,chr10,0.0949964982330164,0.0620577509800922,-0.5964867055422381,8.10663817809952e-08
Cdk18,chr1,0.0881855355420212,0.1290656991058701,0.4536182447652136,1.934756158913064e-05
Cdk2ap1,chr5,0.10532899202976892,0.0728690876278435,-0.489552573353865,0.0001349269817158
Cdk5rap3,chr11,0.09908018396320731,0.07546823968539623,-0.382925916816846,0.000422510404063
Cebpg,chr7,0.08844528398540048,0.1495805852596529,0.6475711426244358,7.528282676718251e-09
Cenpa,chr5,0.09912880097134699,0.06756593077084416,-0.5428800830644593,9.65474713857857e-08
Cenpm,chr15,0.1096074961795222,0.07803158261615589,-0.4663509205108086,2.044602049042511e-05
Cenpw,chr10,0.10735966424342348,0.0657523295610682,-0.6758269375488662,2.649681515277582e-09
Cenpx,chr11,0.11319306992709137,0.0727916551833571,-0.5958348930811206,7.808003728714286e-07
Cep120,chr18,0.08861391958617443,0.12485304490947563,0.3912808792260263,0.0004919122514664
Cep162,chr9,0.08236658932714612,0.14199535962877027,0.6111375386389555,1.973024874807235e-05
Cers4,chr8,0.09873478539397817,0.06737134315609647,-0.5046024447722306,1.778502017100554e-05
Chchd4,chr6,0.09784957300133754,0.06862160030181426,-0.4792623629380677,7.340930402398467e-05
Chd2,chr7,0.08379071922446357,0.13134697174899604,0.5332151377934751,5.186490423488739e-06
Chd5,chr4,0.07391500904159128,0.15551537070524404,0.7673722279543161,0.0002006944747907
Chka,chr19,0.08443977780788509,0.12748950006774148,0.4691236383531681,3.078897498706905e-05
Chrac1,chr15,0.09565247903435205,0.05792016094131957,-0.6976820319509759,3.4989981237041347e-10
Churc1,chr12,0.1009634485498609,0.06615017878426693,-0.5377014995542747,6.213798973156731e-05
Ciao2a,chr9,0.09481939915793466,0.06786645140185922,-0.4724711630851244,5.00712265365619e-06
Cinp,chr12,0.10660847880299247,0.0800541020330529,-0.3981910494924589,0.0007550796520292
Cisd1,chr10,0.1058768825710455,0.07118846040813694,-0.5492435998879142,3.155315650414994e-07
Cisd3,chr11,0.10210701171533482,0.07736783820015149,-0.3926934268299833,5.044890231574041e-05
Cks1b,chr3,0.10004922586835055,0.07244459215688726,-0.4625313568088373,3.645110430425197e-06
Clcn7,chr17,0.0792239541978352,0.14593171465585686,0.7753255416746888,7.893042512217968e-10
Clec10a,chr11,0.08828297715549002,0.1416850896585605,0.5454347317028369,8.923574952189198e-05
Clec2d,chr6,0.07896490448689467,0.15222863912335258,0.6708185434576525,0.0003438406869419
Clic4,chr4,0.08540211470682472,0.12545338032681827,0.4568003739863,1.034448583532194e-05
Cln3,chr7,0.08691796008869174,0.12060345202382504,0.3903001040031376,0.0003775991093556
Clstn3,chr6,0.07692307692307687,0.1430288461538461,0.6423998054766641,0.0002263067917179
Cmc1,chr9,0.09814714318939449,0.06835155179988106,-0.4805053023015215,3.501736454014797e-05
Cmc2,chr8,0.10891571368064376,0.076267118452633,-0.5021510004010907,1.423100328486953e-06
Cmip,chr8,0.08861838101034687,0.1245688780685737,0.3856675250741009,0.0003902393498505
Cmpk2,chr12,0.0672819056633538,0.18047010569490451,1.326976980524524,1.297205225538161e-24
Cnbp,chr6,0.09038434617222682,0.06780364650965202,-0.3926734527912589,0.0009324430251403
Cnppd1,chr1,0.08107781953591006,0.14223815927088,0.7050647771534042,1.3709611635877831e-08
Cnr2,chr4,0.08366571699905027,0.15327635327635328,0.7326995494969196,1.91244842059314e-07
Cnst,chr1,0.08691968824127408,0.13283632666892572,0.4803125501623891,0.0001734551718716
Coa6,chr8,0.11002960769800144,0.07641253392548723,-0.4843171827597081,4.988687142438185e-05
Coa7,chr4,0.10179977502812142,0.06471066116735404,-0.6159663121971528,3.2830546350313e-07
Col4a5,chrX,0.09035722193519814,0.1545747533643319,0.6023973274782874,2.045649798099025e-05
Commd1,chr11,0.10794359059108685,0.07348647606456231,-0.5253322514193883,1.87834992208813e-05
Cops6,chr5,0.10447732718753332,0.0784810512980967,-0.4139116915598849,2.498284217317717e-05
Cops9,chr1,0.11362973420764003,0.08534602789380746,-0.3924106812904378,0.0006127416079217
Coq10a,chr10,0.08465988348239922,0.12023741144935857,0.4157402502738708,0.000422510404063
Coq7,chr7,0.09473259876377317,0.06811788945623933,-0.4438257731393535,0.0001956160518603
Cox16,chr12,0.10885563596222245,0.07371519686005147,-0.5020930058263259,8.753826022761512e-05
Cox6b1,chr7,0.11096187622688289,0.07631839180552887,-0.5102854621463677,4.351449298335908e-06
Cox6c,chr15,0.1121125071561895,0.08436455859719487,-0.3805816953120301,0.0006586181030335
Cox7a1,chr7,0.1147762345679012,0.07407407407407403,-0.5346535787298315,0.0002097863745775
Cox7b,chrX,0.10202514089081614,0.07619515792060953,-0.4104872021515406,0.0002178460967637
Cox7c,chr13,0.10924768286109846,0.07608952205817589,-0.4908494814937218,1.724203598569263e-05
Cpeb2,chr5,0.07046427395456037,0.14334321150257923,0.8086624558938691,3.105676431208284e-06
Cpeb4,chr11,0.07016553799849505,0.14070729872084267,0.7088234462243768,0.0001214532169049
Creg1,chr1,0.10762251074055959,0.08254849684750763,-0.37596129093271,0.0002161439577749
Crip1,chr12,0.11586287161058471,0.06765218338233686,-0.7335820453683942,7.244850039615109e-09
Crybg2,chr4,0.09867743043627611,0.15847933127218594,0.5106205737874319,0.000237684525409
Cryl1,chr14,0.10191711733608794,0.07814303943610616,-0.3851581877064708,6.545142435814203e-05
Cse1l,chr2,0.09335951445912173,0.06587783274680806,-0.4825421297801795,0.0001217256840091
Csf1,chr3,0.04928517682468015,0.23601705543014792,1.42404226823057,4.389171764511987e-05
Csf3r,chr4,0.07267179023508134,0.173297166968053,1.134488293821581,1.0718607215580239e-10
Csnk2a2,chr8,0.09006487831114693,0.1231007126529514,0.3692161376376967,9.50141227137206e-05
Ctns,chr11,0.08086812275366323,0.13347464135409945,0.5919550619503439,1.627371024876163e-05
Ctsb,chr14,0.0852517200312155,0.1219958172924707,0.4215995273457465,3.543043952711194e-05
Cttnbp2nl,chr3,0.07722179781003308,0.1420252949664714,0.7761443590278038,1.6320615389268218e-11
Cxcl10,chr5,0.0721052631578947,0.19478696741854631,1.332456324008285,2.001805320393142e-21
Cxcr4,chr1,0.05779220779220775,0.20259740259740253,1.344637247230584,1.026743635964802e-05
Cyb5r1,chr1,0.08461941157993923,0.137779639130283,0.5945048624766126,1.679872872129571e-06
Cybc1,chr11,0.09425195987062111,0.13434935950148927,0.4107332938717517,0.0002351105615242
Cyfip2,chr11,0.06467661691542284,0.15754560530679926,0.779176951230099,0.0006127416079217
D8Ertd738e,chr8,0.1051640421038628,0.0768024122697618,-0.4371510605165659,8.079311368125565e-05
Dad1,chr14,0.1085779976844266,0.07075969737349903,-0.5937864405924083,1.065974421262335e-07
Dagla,chr19,0.07156862745098032,0.1825708061002178,1.135770577898622,2.54169977253668e-07
Daxx,chr17,0.08146245476875941,0.14120951198682896,0.6999805026319071,4.812006939450069e-13
Dclre1b,chr3,0.1050234368090563,0.07287521004687357,-0.5009831805679271,3.839549732730925e-05
Dctpp1,chr7,0.11765520150818026,0.0715858304879174,-0.6494396812366671,1.773467668109919e-06
Ddx58,chr4,0.07863822326125067,0.15924410676017922,0.9238518234346764,1.871509551379094e-15
Ddx60,chr8,0.067717206132879,0.13931478326708305,0.667666666995862,0.0005311327490437
Dgcr6,chr16,0.10587021003687667,0.07806905029127247,-0.4146868001385338,0.0001142458018994
Dgkd,chr1,0.0859416983523447,0.12191297000422474,0.4135566327441652,2.802324699285466e-05
Dhrs3,chr4,0.08044696885325014,0.14239398101743575,0.7215962697174614,6.38812590689428e-10
Dhx58,chr11,0.08589577601553644,0.14498030965096828,0.6388384700411618,1.2990229203043302e-09
Dip2a,chr10,0.08558050321561546,0.13385234495468049,0.4878601242181768,0.0002483781065113
Disp1,chr1,0.0821463144793251,0.13727930668879354,0.5800871061107599,2.433985278442839e-05
Disp3,chr4,0.06781376518218618,0.20204357046462304,1.427259456802388,1.923699214770454e-12
Dkc1,chrX,0.09391477948123986,0.067826917410873,-0.4436272975952927,0.0005823679739211
Dnajb12,chr10,0.08466819221967957,0.1134841935757267,0.3424640200331354,0.0008770835556499
Dnajc19,chr3,0.10864919509635805,0.07329869731016297,-0.5379281412616215,3.208709082139572e-06
Dnajc3,chr14,0.09731948565776455,0.07299043850972627,-0.4095892906465325,0.0004304753732803
Dnase2a,chr8,0.09596730443021528,0.06196035881840547,-0.5981903713859842,1.789994634959793e-08
Dnm2,chr9,0.08971451850940837,0.12379576107899803,0.3813181475886419,0.0001485798764846
Dnmbp,chr19,0.08045532646048109,0.1258304696449026,0.5118970198712703,3.485667752649417e-05
Dock10,chr1,0.08682821138616323,0.1256661851870299,0.3997103622161575,0.0009137910618968
Dock8,chr19,0.08913452492944493,0.13226610541533132,0.4323975728734921,0.000474484045388
Dpp9,chr17,0.09247025879080603,0.1309364957056137,0.3901496594216641,0.0007109017908099
Dtx3l,chr16,0.07783316317338294,0.16099133185194078,0.9572680555057472,1.041632199628494e-18
Dtx4,chr19,0.08562313471235973,0.1298297371159365,0.5021434367058383,1.684867366450916e-06
Dtymk,chr1,0.10743895061924925,0.06765576745518796,-0.6102560138317572,3.048112535714898e-06
Dus1l,chr11,0.10155620935274073,0.08092288634252086,-0.3409065413950006,0.0002120792430622
Dusp16,chr6,0.08468817477454588,0.12913332486557424,0.4863412651038267,7.243870240736426e-05
Dusp4,chr8,0.07504837574762514,0.1409151323247723,0.8017835296837517,3.132931295926447e-11
Dusp6,chr10,0.08578338647786843,0.12228647606694404,0.42196421700012,3.386818733044338e-06
Dut,chr2,0.10557717486179802,0.07767917757734451,-0.4315554855555219,9.586130286792418e-05
Dvl2,chr11,0.08398653998416465,0.1316442333069411,0.5254969340336425,4.264667460347766e-05
Dync1h1,chr12,0.07894822512175428,0.14708614388276856,0.7424889438353746,9.105399874039737e-08
Dynlt1b,chr17,0.10481520731222674,0.07137074814912933,-0.5410219587771227,1.002077683019628e-07
Dynlt1c,chr17,0.10724267540478022,0.07899640195322537,-0.4045984275095817,0.0007366274439414
Dynlt1f,chr17,0.10954751344720198,0.07086911390016039,-0.6007739796975127,1.289624016413903e-07
Dyrk1a,chr16,0.08525035850860416,0.12006054811982152,0.3937455907012925,0.0002120237167124
Ebi3,chr17,0.09518509095534916,0.14883602595089676,0.5318171081270696,1.879621800864012e-05
Ech1,chr7,0.10697287905114444,0.0749981113545365,-0.4866300627625283,4.544757053717334e-06
Eci1,chr17,0.10556891025641023,0.07726648351648346,-0.4262850363369459,0.000124572660522
Ecm1,chr3,0.08940285003392892,0.13775163990047498,0.4961445418646067,9.982841314410152e-05
Eif3k,chr7,0.1131442705568595,0.07260108681517102,-0.578932184521209,4.562636694026814e-06
Elovl6,chr3,0.09832214765100665,0.0685402684563758,-0.4716453511099174,0.0008781375453599
Elp1,chr4,0.09857696858156959,0.072389465842864,-0.4335604693318849,0.0002129877799065
Endog,chr2,0.11393926613243355,0.08052860958807813,-0.446562819558061,0.0007833545540896
Enpp4,chr17,0.08400586940572263,0.14575690877965272,0.5917388843137482,0.0001511362122402
Eny2,chr15,0.097652610685786,0.0637042437990305,-0.5824628496471048,3.549263919085835e-06
Ep300,chr15,0.08429055123093471,0.13425310634348034,0.5159298542636928,7.14309153174217e-05
Epsti1,chr14,0.08388666096903552,0.13779501676418376,0.5990526733889394,1.697504392800379e-07
Erbin,chr13,0.07702450016780933,0.11916063352032084,0.5042627776563923,1.692476417752613e-05
Erg28,chr12,0.10419364441467585,0.06546600183572719,-0.6081034873607305,1.064091751910234e-05
Erh,chr12,0.09627485423521938,0.07153126554893047,-0.4291949412930386,3.571609728143481e-05
Ern1,chr11,0.07129506812974795,0.1629486715704007,1.109795280285923,8.624297505940779e-15
Esyt1,chr10,0.08585452204699062,0.14173014340378354,0.6036665530241846,3.251738297497701e-07
Etnk1,chr6,0.08370233477274389,0.13179145624435826,0.5337294601929484,1.841555520871213e-07
Ets2,chr16,0.08712529555110651,0.12298851615981347,0.3926765094477982,0.000302256887886
Etv1,chr12,0.07667351129363445,0.1167693360711841,0.485109356916341,1.603087539258402e-05
Etv3,chr3,0.084038759410684,0.11327641895705,0.3364192461171543,0.0006248082124271
Exosc2,chr2,0.09823975807371899,0.07801742173532653,-0.3360520825355009,0.0008578362287184
Fam129a,chr1,0.08145062706569471,0.15677396960504666,0.8129234841166388,1.1924157982193982e-08
Fam13b,chr18,0.08358883330643856,0.12220967134635034,0.4314341365349712,0.0003945651881824
Fam13c,chr10,0.08474499089253185,0.1363539769277474,0.5906506634772669,7.044423793313694e-09
Fam168b,chr1,0.09079236357492815,0.11778453567607138,0.3015494710853271,0.0003586686257257
Fam193a,chr5,0.08846017069701279,0.1338608345187292,0.4921188239615886,2.586828480080995e-06
Fam20c,chr5,0.07968766459496465,0.14890972295375535,0.8020845648792042,2.396191249814338e-13
Fam241a,chr3,0.0806938159879336,0.12631975867269982,0.5270911033426896,6.976874787024197e-06
Fam84b,chr15,0.08473719676549861,0.12831311769991013,0.4468133158567862,0.0007713453402025
Fam98a,chr17,0.09486706056129983,0.07067946824224518,-0.4141491599688818,0.000751372755326
Fancb,chrX,0.08967320261437901,0.06065359477124176,-0.4775870772004496,0.0008391290263059
Fbl,chr7,0.1019773692187485,0.08152039186521937,-0.3361682304058997,0.000536931182439
Fblim1,chr4,0.07638769548032302,0.14252162456321243,0.7773840243974203,4.6274429689384676e-10
Fbxl8,chr8,0.09244193675370684,0.14184490224379998,0.5122134146492737,4.72784502221472e-06
Fcgr1,chr3,0.09258402901160948,0.14148027356584805,0.5232452436084166,1.377215063944067e-10
Fchsd1,chr18,0.07057374164026747,0.12331338730493953,0.6141723839196687,0.0001384132233451
Fgd6,chr10,0.09028073160357293,0.14022401814830568,0.5181623836383171,3.727614374803908e-06
Fgr,chr4,0.09418432060450675,0.14865290334187917,0.500741551672862,0.0002886530118211
Fhod1,chr8,0.09153628187754095,0.13256129111740786,0.4196530024434394,0.0001958522455988
Fibp,chr19,0.10313696263423552,0.0706889348103481,-0.5277070042985945,3.52498650014791e-08
Fip1l1,chr5,0.08925195609935406,0.12366748936617124,0.3885307564610467,4.358099336900042e-05
Fis1,chr5,0.11050900021331406,0.0770774877070924,-0.4835137715885831,2.055032284980817e-05
Fkbp11,chr15,0.10956488585998186,0.0641153950023034,-0.7295527640643606,3.513399194901117e-08
Fkbp1b,chr12,0.1012968299711815,0.04783861671469736,-0.9762537171793652,7.235003412216601e-08
Flcn,chr11,0.08163265306122446,0.1368174646284369,0.637343543116247,5.280445445992787e-08
Flot1,chr17,0.08494627903302254,0.1420972244167061,0.6073072028291305,6.161901368969882e-06
Flrt2,chr12,0.08499553438523368,0.15034236379874957,0.5597570140877083,0.000957514402488
Fmc1,chr6,0.10747925768567874,0.07877403235934638,-0.4283808252610726,6.878111191442334e-05
Fndc10,chr4,0.09354810546533958,0.06384960130376573,-0.4731975431705424,0.0002199256302259
Fndc3a,chr14,0.07898656624135796,0.121540853989845,0.5037965004486462,3.645110430425197e-06
Fndc3b,chr3,0.07860797042259572,0.12960176547296612,0.5818526241006222,3.336978285460502e-06
Fnip1,chr11,0.07524637681159417,0.11319806763285019,0.4684732555230973,6.141230216513215e-05
Fnip2,chr3,0.07070286073257942,0.12785509487452076,0.7128392858089982,3.513399194901117e-08
Fos,chr12,0.08274497218656393,0.1608187134502924,0.8551433154326358,2.05114674680086e-12
Foxj2,chr6,0.08469837769727513,0.13445686984827002,0.5085891250879484,0.0003255172026869
Foxo3,chr10,0.08831397310454522,0.13181022155813685,0.4674212950801941,3.238503567356279e-05
Fuca1,chr4,0.10311874864428425,0.08135097571360857,-0.3481915953078109,9.794521500567032e-05
Fuom,chr7,0.10652555110220435,0.08023189235614082,-0.4014239283530224,5.680643590905899e-05
Fyb,chr15,0.08088941538067487,0.1455892083413374,0.7055377988701879,4.9168720989375714e-08
Fyn,chr10,0.08882564409826238,0.13481126423007786,0.5100599285621948,9.348019595859356e-07
Gaa,chr11,0.08564397478582422,0.12478560493404746,0.4400678508801736,8.392494314705116e-05
Gab2,chr7,0.07456932481244785,0.13357877188107806,0.743367865577377,1.3955738883604949e-10
Gadd45a,chr6,0.059006211180124196,0.18322981366459623,1.140202158946279,9.494953329921658e-05
Galc,chr12,0.08184916446789794,0.12811492231017288,0.5364552872617064,5.859704463355135e-07
Galnt10,chr11,0.0923265592151366,0.1317838511251265,0.4074092724895744,0.0005444845741296
Gbp7,chr3,0.06926605504587154,0.19449541284403668,0.8609127013442885,0.0007903724716685
Gbp9,chr5,0.065,0.16333333333333333,1.141814039348232,1.37078808542676e-09
Gcat,chr15,0.11009299781181614,0.07762963716859186,-0.4784017224189975,1.454860160616588e-05
Gch1,chr14,0.08500057244261257,0.14052512068998416,0.5724362148738155,0.0001188573049865
Gdf15,chr8,0.047538461538461474,0.22810256410256405,1.432865596292309,4.379649920287957e-05
Gdpd1,chr11,0.0786270691333982,0.13680623174294057,0.6823246865042614,1.417728325003759e-08
Gdpd5,chr7,0.0914903365544818,0.1392035988003998,0.4958503488536953,3.340413083862895e-05
Get4,chr5,0.10561928122257087,0.07941260165045463,-0.3977538147974025,0.0002175338906249
Gins2,chr8,0.1001400560224089,0.060419104350600966,-0.6816755335317014,2.138391450819317e-07
Gja1,chr10,0.11009174311926602,0.06659870880054362,-0.6664454401857298,2.178096902436894e-06
Gm12166,chr11,0.10036363636363632,0.0738585858585858,-0.3984572362949163,0.0008281943425238
Gm4070,chr7,0.08229227193492153,0.13867906256052676,0.5518981719387838,0.0002134650656069
Gm5431,chr11,0.0678615830915872,0.17944467467882297,1.222979628475155,6.305732197865221e-10
Gnpda1,chr18,0.08560573399439533,0.13439498455126817,0.5477315867306404,3.275207551345435e-06
Gns,chr10,0.08352485786863428,0.12671263255513887,0.4966404451155086,9.736335768871069e-06
Gpat3,chr5,0.06432874354561098,0.18732071141709694,1.237144008451394,4.593013942920739e-06
Gpnmb,chr6,0.07488017464955185,0.12367070461683242,0.5819073725467072,2.64301179938702e-06
Gpr132,chr12,0.07577620657854288,0.15165488267240493,0.817143731474889,6.486287122257398e-07
Gpr137b,chr13,0.08155630944447805,0.12586579430948483,0.5171740232844154,4.701443624033209e-06
Gpr176,chr2,0.07342954159592527,0.13035276362950382,0.6055690569533111,0.0002126851311952
Gpr84,chr15,0.08672283556072047,0.14498768711435764,0.5791075880923434,7.540937006616907e-05
Grap,chr11,0.0919769173492181,0.12613551749813842,0.3742408807298886,0.0005738282664579
Grina,chr15,0.08698158321710164,0.13902725987494424,0.5888230120003659,2.721546360788597e-08
Grn,chr11,0.07937872884451477,0.13636105361418885,0.6666709612563302,5.1156251757652445e-08
Grtp1,chr8,0.10409300538047653,0.06843453753522927,-0.5098525391950112,0.0003336330703845
Gtf2f2,chr14,0.09292515711293084,0.06852028185107593,-0.4140355278513006,0.0003175382417607
Guf1,chr5,0.09123285847423775,0.06761194692229174,-0.4071338871655459,0.0007048329620324
H2-Q4,chr17,0.08904159571880317,0.12788453741993022,0.4370601641376441,1.498876322951831e-05
H2-T24,chr17,0.08713146811070994,0.1254154489714056,0.4238417501080921,1.713029556833863e-05
H2afz,chr3,0.10051416485307553,0.06688068611841252,-0.5828491536937682,1.0179193227163961e-08
Hadhb,chr5,0.08998341692282794,0.06290783584101813,-0.4759448707893171,0.0001247359585404
Haghl,chr17,0.08074636723910168,0.03425803610744163,-1.235247173782586,4.899117114346796e-22
Hck,chr2,0.0854477611940298,0.1614275560970657,0.8098615689030302,2.001545611132189e-10
Helz2,chr2,0.07119287901122573,0.17397286162452277,1.194761515382544,1.1504840266817049e-21
Herc3,chr6,0.08239910313901341,0.05387394120577973,-0.563012048541558,1.132243710388434e-05
Herc6,chr6,0.07953509571558792,0.17168034032209048,0.8028447445347542,4.297944420277686e-05
Herpud2,chr9,0.08506300963676794,0.12590945281827412,0.462064611487269,1.433392723806953e-05
Hexa,chr9,0.0932577799879603,0.13649331274373802,0.4659754553746874,1.397011121962464e-06
Hhex,chr19,0.087570774279635,0.11513818264873114,0.3207973316382078,0.0006347275292825
Higd1a,chr9,0.10954197083613984,0.08485797333624605,-0.3611598179583646,0.0003375033024293
Hilpda,chr6,0.10474958609271519,0.06910871964679906,-0.4954991476770099,0.0003967950152866
Hint1,chr11,0.10188976911972247,0.07955772437543257,-0.3541263245228004,0.0005271475105471
Hist1h4i,chr13,0.1018193957603071,0.06270516886440763,-0.6225929361365924,1.651664760264267e-06
Hivep1,chr13,0.08305473006438827,0.13195476308403498,0.5063666515518711,0.0003358643833064
Hk3,chr13,0.08684845559845554,0.1253378378378378,0.439276106092426,3.681134779430855e-05
Hlx,chr1,0.07942522161853012,0.15346487465446568,0.6941286326805137,0.0002098326724486
Hmgb1,chr5,0.09161941378382014,0.0702371337551038,-0.3827603389810884,0.0005482058090902
Hmgb3,chrX,0.08840733847381013,0.06836243315902978,-0.3667259339363655,0.0006858968857813
Hmx3,chr7,0.05837912087912085,0.1996336996336996,1.316735870423607,1.620284633398017e-05
Hnrnpd,chr5,0.09024859233777398,0.06888755469734582,-0.4029248256652083,5.002839980036586e-05
Hs1bp3,chr12,0.08160121743003483,0.14866503352881497,0.7472598800828281,3.960658965950487e-08
Hsd17b10,chrX,0.10644097632747425,0.07937258611176791,-0.4036192648203853,0.0001241012977367
Hspbap1,chr16,0.0777588410737111,0.14969464564692514,0.766697431249104,3.655452292080362e-06
Icam1,chr9,0.0869565217391304,0.15516751428207462,0.7415526649774786,2.795104224475756e-11
Icosl,chr10,0.08420418006430863,0.16407645587709893,0.7603885657774376,2.643642085487413e-05
Id1,chr2,0.10875960899686815,0.08187023504476287,-0.3905276305510697,0.0005857992073175
Idua,chr5,0.0813048836851024,0.14075899964052788,0.6777841783554921,5.8714313039177105e-09
Ier5,chr1,0.07892844300611282,0.15190168877785978,0.8640549680293689,2.465084692230342e-12
Ifi202b,chr1,0.06368614379974145,0.17221050722173095,0.9431323074039704,0.0002128271928795
Ifi203,chr1,0.07355181871069615,0.17511150511122806,1.155454747053157,6.638422244537642e-17
Ifi204,chr1,0.0733244597557156,0.15272993005532928,0.9026759183574156,3.80045060877193e-08
Ifi207,chr1,0.07192843757320212,0.16224525650035135,1.067566968819311,1.3075929963144572e-14
Ifi209,chr1,0.0653089887640449,0.18164794007490628,1.133772529478166,7.349811749510275e-06
Ifi211,chr1,0.06768088164829897,0.16019805142948407,0.9861217281505728,2.619365263140579e-06
Ifi44,chr3,0.07970618807647262,0.1254720332627202,0.502947689932528,7.893342315556886e-05
Ifih1,chr2,0.0765298002705498,0.1544786610434736,0.8989829916190271,4.852682219604326e-13
Ifit1,chr19,0.05915340086830677,0.188374336710082,1.515368597319205,8.10900787472589e-19
Ifit2,chr19,0.06284357821089451,0.18557387972680325,1.437397209610385,1.20471212063202e-19
Ifit3,chr19,0.054987479131886445,0.20895937673900944,1.740538876465432,1.974155839499591e-20
Ifnar2,chr16,0.08699271823106292,0.11970517716011005,0.3783750850047284,0.0003455741563853
Igf2r,chr17,0.08029073698444887,0.1405067774236131,0.6433546659862369,1.477321997139291e-06
Igtp,chr11,0.07397993311036785,0.16187290969899662,1.028805403229593,4.804284158626932e-19
Il10rb,chr16,0.08182794648960057,0.13999283924095954,0.6624031192000213,5.8385331550354755e-09
Il15ra,chr2,0.08304471032745588,0.13014273719563388,0.5054629946909891,0.0002895278656603
Il6st,chr13,0.0848468881725762,0.12763451524919409,0.4367437058612652,0.0009800129203584
Il7r,chr15,0.060393258426966245,0.14481897627965037,0.8958444778702869,0.0001439222751673
Imp3,chr9,0.10413548523821503,0.07108261919583919,-0.5300484115918617,3.513399194901117e-08
Ints3,chr3,0.09388608471892314,0.13024544734758506,0.3751299517982477,0.0001858670708927
Ipmk,chr10,0.08844659595461267,0.12072438743627689,0.3605264274459922,0.0002183977215366
Ipo11,chr13,0.09065331091809092,0.0611438000062264,-0.5089116271996985,0.0003024452191931
Iqsec2,chrX,0.09338338808071325,0.13397465978413886,0.4084786631673458,0.0004415074411947
Irak2,chr6,0.08152296136373854,0.14674882681899273,0.6955128010528038,1.252449999133667e-06
Irf1,chr11,0.08214285714285713,0.15794486215538842,0.8511080680803054,4.731797682683069e-13
Irf2,chr8,0.08629870129870125,0.13294372294372292,0.5098294980994006,2.140362210983663e-06
Irf2bp2,chr8,0.08541336128739797,0.13359398609851916,0.5584714702331113,1.659054459478168e-08
Irf2bpl,chr12,0.08782212749467155,0.1356326293354001,0.5035480479233808,7.844091547765913e-06
Irf7,chr7,0.08381125073796061,0.1583958842877625,0.8235623880575392,5.570376113251591e-14
Irf9,chr14,0.09130908017562625,0.12759965071517296,0.4017878201027534,4.007627549202199e-06
Irgm1,chr11,0.08044514533529261,0.12292271483698314,0.4982410080486867,1.000358149710965e-06
Irgm2,chr11,0.07639823766980783,0.17174560437318973,1.101126406411254,2.8505899100254868e-21
Irgq,chr7,0.08532992930086405,0.1226760932181199,0.4254941750654581,8.788084299630077e-05
Iscu,chr5,0.10266741130790913,0.07541561028077697,-0.4392265405017948,5.572872229973596e-06
Isg15,chr4,0.07876792508047993,0.15988684030826258,0.949567491979135,1.1504840266817049e-21
Isg20,chr7,0.0811870100783874,0.16206295881547836,0.8458835848828443,6.471896310816459e-09
Itga5,chr15,0.08408174669700233,0.14579757580595798,0.6771516960391839,1.417728325003759e-08
Itgb5,chr16,0.08984894732722858,0.13704312436409163,0.4751455575401795,0.0002515666191242
Itm2b,chr14,0.0883275176892507,0.1260540854899679,0.4445850138432993,1.740067366378896e-07
Itpa,chr2,0.1006287182260681,0.06171804579051734,-0.6860609647640835,5.184402166442572e-10
Jun,chr4,0.07998057895703745,0.15370618236534297,0.8554397721542223,6.089437092227845e-16
Kansl1,chr11,0.08613648738580673,0.12071712343961116,0.3873309047445189,0.0006163002532667
Kbtbd11,chr8,0.11253300693145557,0.07326621923937357,-0.5493032751087082,0.0001521053224074
Kdelr2,chr5,0.10010146403663585,0.07521556248396395,-0.4068336114906603,0.0001175876816736
Kdm4a,chr4,0.0783989363346835,0.1395339249456314,0.6947700855160909,1.352485660845916e-06
Khk,chr5,0.10918091255688103,0.07524699708932886,-0.5038433024152287,1.57254645872509e-06
Kidins220,chr12,0.08834933530280645,0.12451642399943726,0.3796162388165518,0.0008462127577456
Klf3,chr5,0.07519809825673533,0.16185948230322236,0.9348732911024588,2.932314087667815e-07
Klf6,chr13,0.07597093621399176,0.13274462734339273,0.629355090044509,7.844091547765913e-06
Klhl36,chr8,0.0883288680509042,0.1336793927215896,0.4857614849254031,5.680643590905899e-05
Kpna2,chr11,0.09455725129361545,0.06860021073684064,-0.4451312403325393,0.0003112285103493
Kpna4,chr3,0.08952148223794583,0.12281469594183865,0.3539121384682459,0.0008388363493242
L1cam,chrX,0.08306371329019407,0.1619379459100713,0.7352209089944347,2.690636158410586e-05
Lage3,chrX,0.1102091591464957,0.06838435804447436,-0.6535778781456384,1.845001376417801e-07
Lamtor4,chr5,0.10787242850200676,0.07839431735689899,-0.4300001683842017,0.0001256563283789
Lck,chr4,0.08841619682214245,0.14334529301213048,0.545869667249307,0.0001260798828787
Lcp2,chr11,0.0889656855521992,0.13239519634568622,0.4914075211933202,1.065230137217175e-06
Lemd2,chr17,0.09103061822443592,0.1327278054497509,0.4616152229117659,1.805135298444375e-05
Lgals1,chr15,0.11590973816025324,0.08041737166278563,-0.4578421309011287,0.000736398391367
Lgals3bp,chr11,0.08304552335890443,0.13024597336098773,0.535766465174467,1.834541851235592e-06
Lgals9,chr11,0.08233340543842008,0.15549249895023473,0.8328408631002987,8.001242359065942e-15
Lhfpl2,chr13,0.07596178672863407,0.13496858593682756,0.7108014051959345,7.919547456275804e-10
Lims2,chr18,0.08135860979462871,0.15718799368088465,0.666698816692843,0.0005098109533801
Lin7c,chr2,0.0836175834734566,0.059796621026503266,-0.4466728731143644,0.0001782082344466
Litaf,chr16,0.08111353930001527,0.13913744511589787,0.6767873987514864,3.708966640328495e-09
Lman2l,chr1,0.0961871750433275,0.1433037686478404,0.4524994745710302,4.304383244519831e-05
Lnx2,chr5,0.0805285118219749,0.13115438108484,0.5721283995298083,3.645110430425197e-06
Lpxn,chr19,0.08201288855193324,0.12537275713924687,0.4890758413179876,0.0001521053224074
Lrch1,chr14,0.08622641509433959,0.1275052410901467,0.4488726457713229,9.476356184117315e-05
Lrp1,chr10,0.08286183683282569,0.13542768606080033,0.5393816083903504,6.265092838899203e-05
Lrrc25,chr8,0.0903188230726088,0.14198196643513522,0.5204681658180101,0.0001347327086948
Lrrc57,chr2,0.08435270132517837,0.12341148487937474,0.4223846841059997,0.0005019299741614
Lrrc75a,chr11,0.09382716049382711,0.14122427983539085,0.4837062522094865,6.213798973156731e-05
Lrrc8d,chr5,0.08612162801703732,0.12800914970815583,0.4830064172011271,4.284551035320589e-07
Lsm6,chr8,0.10387245095990202,0.06909901571472643,-0.5482941420869659,1.758287298687896e-05
Lsm7,chr10,0.11018893261465577,0.07527463304548924,-0.5021511375882283,8.070331324522471e-05
Lsm8,chr6,0.09851516573289537,0.07544687623621187,-0.3753134487121561,0.0004727142395134
Ltb,chr17,0.09417003650889796,0.16045087670470354,0.6400047171955094,1.08468131403839e-06
Ly6e,chr15,0.09443500681836159,0.12861493399608734,0.3551378209854898,0.0003857226520857
Lyn,chr4,0.08783489139025914,0.13207598593660566,0.5024538366296057,5.409389074130919e-08
Lyrm9,chr11,0.10935722411831622,0.077423840222475,-0.4503777995189547,0.0006112467185084
Lyst,chr13,0.07946026986506742,0.12366893476338751,0.5239966983919234,1.935355048028294e-06
Mafk,chr5,0.07850045167118333,0.12662852554451462,0.5647452064822617,5.182497928746219e-06
Magoh,chr4,0.10304242279528808,0.0765856592026601,-0.421284384492199,6.975132764368751e-05
Maml1,chr11,0.08988876440460944,0.12769419547588556,0.4146230796426165,6.329657994122045e-05
Manf,chr9,0.09899778737265862,0.07238415717849034,-0.4499161059361544,2.578544639151002e-05
Maoa,chrX,0.0823857424010496,0.0541949121656097,-0.5089427016238309,0.0002440058142764
Marc2,chr1,0.10419305923451952,0.07901774860199363,-0.3878582679631662,0.0003652535792519
Mat2a,chr6,0.09108470044412212,0.054427626212272234,-0.702163426641978,1.846341589158679e-06
Mcm7,chr5,0.10065350004611387,0.0807652274733527,-0.3372428512396098,0.0003052087393135
Mcrip2,chr17,0.11088762003633526,0.07403562399669326,-0.5105733980653117,0.000164307241127
Mdfic,chr6,0.07394853852321591,0.11745268119639425,0.529499885651129,4.818382469819997e-05
Mdh1,chr11,0.09836476268561531,0.0704036178209449,-0.4577168178034459,0.0001243934138236
Med13l,chr5,0.08190306971117489,0.1271233429104289,0.5024400390962424,5.387242074679949e-05
Med30,chr15,0.1005127768675929,0.06391625353730927,-0.6122145022254282,3.780640018708812e-07
Metrnl,chr11,0.08511698740135672,0.1361945636623748,0.5750034314051296,2.038617705279226e-06
Mettl22,chr16,0.10387782391442038,0.06148685105684187,-0.6847006411887716,1.521140110600485e-07
Mettl26,chr17,0.11566108689141068,0.06396219508136707,-0.7970250719543561,8.790371063800562e-11
Mettl7a1,chr15,0.08881408596582077,0.1292076644225789,0.4211451802300382,0.0009205372127396
Mfhas1,chr8,0.0894715772618094,0.13706965572457963,0.4894664841235579,7.814212300625636e-05
Mfsd11,chr11,0.08447470509064996,0.13907581875280392,0.5980233370671605,8.703915644496119e-07
Mfsd12,chr10,0.08827394143834941,0.12452359005537139,0.4134560295169287,1.99733818309356e-05
Mfsd2a,chr4,0.10925876726886287,0.06013106624158693,-0.768447586219957,1.054942522278903e-05
Mgea5,chr19,0.09393250297172977,0.12687994211587159,0.3391963668218703,0.0009126991801667
Mgst2,chr3,0.1062909131254854,0.07770257775805313,-0.4227921338878667,0.0003713441375543
Mib2,chr4,0.08124784754907582,0.16201737267056973,0.8597046335982935,9.22839935526418e-08
Minos1,chr4,0.10536391437308865,0.07900917431192654,-0.4158431346292711,4.386255332974819e-05
Mis18a,chr16,0.09998205884698186,0.07269489408074843,-0.4549680998323851,7.067701890314419e-06
Mknk1,chr4,0.08080797302488364,0.1434262381379202,0.7127422202380176,4.439770456927918e-08
Mnd1,chr3,0.08779580797836373,0.03556457065584847,-1.283571879463784,9.071332609405576e-20
Mndal,chr1,0.08143851057213927,0.15803793532338303,0.8456080731108441,4.197436910664536e-12
Mob3c,chr4,0.07959326788218787,0.144927536231884,0.701834130643259,3.177359785155857e-06
Mocos,chr18,0.08170391061452507,0.16166201117318435,0.8385906017292328,7.984312216376172e-09
Mocs1,chr17,0.08891364902506957,0.12252553389043637,0.3752796373389056,0.0002953447869183
Morf4l2,chrX,0.08457228278555155,0.06176781646599411,-0.4312049285311056,0.0003167495842295
Mov10,chr3,0.08706289911177839,0.1530116922037904,0.6941761585347562,8.327328100912528e-10
Mpeg1,chr19,0.07844821500011763,0.13393382439460613,0.6785700442474596,3.901554647376026e-14
Mpp3,chr11,0.09129814550641935,0.04327151688064667,-0.7493874635961771,0.0005044148362044
Mri1,chr8,0.10325377485749093,0.07927563349433586,-0.3602258710126521,0.0007453066302961
Mrm3,chr11,0.10921133703019094,0.08241645395064982,-0.3872363733351781,0.0009966297819529
Mrpl16,chr19,0.09996330204349671,0.08009168050887831,-0.3353416745932428,0.0003629477855374
Mrpl18,chr17,0.09877695582385368,0.07185893409635467,-0.4378019045015603,0.0004073354371107
Mrpl20,chr4,0.10743389672848175,0.07241507840692431,-0.5275567638221128,8.757165666176574e-06
Mrpl23,chr7,0.11069189863640409,0.08082548547775363,-0.436811837119479,2.903612199300311e-05
Mrpl27,chr11,0.0942092774035517,0.07167279036538064,-0.38147577645206,0.0004493916431136
Mrpl36,chr13,0.1027217029298562,0.0757665017149739,-0.4160194006729279,0.0003477908962034
Mrpl41,chr2,0.10052538774335165,0.0748257703887629,-0.4165303355679241,0.0002441543808606
Mrpl49,chr19,0.11204789455771788,0.08450646122747846,-0.3842068832199581,0.0009516220484314
Mrpl51,chr6,0.10515309678845265,0.07963413182815073,-0.3975846818912511,0.0002183303524592
Mrpl54,chr10,0.1048775486290133,0.06685415201937343,-0.613171804742832,7.624854350694986e-08
Mrpl55,chr11,0.10171124580011853,0.06015986999582753,-0.7163114561978466,2.623381253137186e-09
Mrps10,chr17,0.09921098255669955,0.07371239193763336,-0.4216391499790573,0.0001432941333295
Mrps16,chr14,0.10876742096575352,0.07851536109544,-0.4348047412897676,0.0002826426060297
Mrps24,chr11,0.11001211711330905,0.0778632550887179,-0.4393231579801063,0.0007617494421716
Mrps28,chr3,0.10789529997665548,0.0626021321297953,-0.7579784895730252,2.2008994296773658e-11
Mrps30,chr13,0.10174551760240799,0.07889456004885916,-0.3602627805851259,0.0007976249522506
Mrps36,chr13,0.10223113359888035,0.07858757670362794,-0.3746111727217013,0.0006190096393538
Mtf2,chr5,0.09617616339793428,0.07214421105566514,-0.4000245052726257,0.0005069459530777
Mtg1,chr7,0.1011838697743248,0.07339287916424427,-0.4473899980044542,1.093193200998799e-05
Mthfd2,chr6,0.08786232663848681,0.13158974623863262,0.4731566720242539,7.966835085926202e-05
Mthfr,chr4,0.07761509781743535,0.14655160375909398,0.7758953514969453,1.617858125058174e-07
Mtss1,chr15,0.08009101980642261,0.13702113112407321,0.638074580078497,3.111387912708024e-07
Mxd3,chr13,0.11387805742644447,0.07455984875339712,-0.5335245804778576,9.638836650836948e-05
Myadm,chr7,0.09356385513461993,0.13567230561512186,0.4213110440169894,0.0002978904839685
Mycbp,chr4,0.0967159980430528,0.06983855185909976,-0.4287529064711864,0.0008312064469739
Mydgf,chr17,0.10824833683055933,0.07508703323954408,-0.4832893435509334,8.140308148238267e-05
Myh14,chr7,0.07502538071065985,0.12859560067681888,0.5631745613191556,0.0003802363158451
Myo10,chr15,0.08425031097502626,0.1446592032660351,0.6788676615036268,1.368342455208535e-10
Myo18a,chr11,0.09301408746846082,0.1356006447995514,0.4090480146407134,0.0009416229086096
Myo1d,chr11,0.08625653939251968,0.1250553082949428,0.4279309836823223,0.0001355969136154
Myo1f,chr17,0.0865330161966247,0.15842992159675812,0.7021089706103513,1.879204923561101e-07
N4bp1,chr8,0.08945875679508387,0.12857480501063576,0.4284915134109773,1.544023769601416e-05
N4bp2l1,chr5,0.0833418733346997,0.13807474209195866,0.5808599790608281,3.3344966766435e-05
Naa38,chr11,0.10883295056206933,0.0780651919900076,-0.4426965961187181,0.000273067602916
Nasp,chr4,0.09356888392619765,0.06239402586507384,-0.5530225628464238,7.844091547765913e-06
Natd1,chr11,0.08611807296017818,0.15130418639190563,0.6220395997041849,8.392494314705116e-05
Nbr1,chr11,0.08895279024205269,0.12195327476879643,0.3661140487456149,0.0002131131131187
Nceh1,chr3,0.07739862935465441,0.11361126975061864,0.4263689091476173,0.0003231751218036
Nckap5l,chr15,0.07903451320921327,0.119091421983467,0.4717017160966327,0.0004784522799324
Ncoa6,chr2,0.08330805016181225,0.12348300970873784,0.4343531822091059,0.0005825381120911
Ndel1,chr11,0.08047997554264746,0.11973912157342297,0.4686959971339931,2.960078191373365e-05
Ndrg1,chr15,0.08897173743162276,0.14861364359931692,0.6270759065891855,8.218758987102415e-07
Ndst1,chr18,0.07507958967102933,0.15469873835632586,0.8589476174171982,3.257496936791218e-06
Ndufa11,chr17,0.10946665837530829,0.08118621699866639,-0.4064756126967559,0.0002991844825902
Ndufa3,chr7,0.11447401169784704,0.08287357752243467,-0.4261428558622674,0.0002217983450558
Ndufa7,chr17,0.1091211298634879,0.08198919443460927,-0.3918969493380412,0.0003337674960692
Ndufb4,chr16,0.11143058378802463,0.07957098534289074,-0.437943056017528,0.0003175382417607
Ndufb6,chr4,0.10924842484248419,0.07830158015801574,-0.4551089267224699,4.321685431947519e-05
Ndufb7,chr8,0.10731695246579065,0.07918656537912716,-0.4305417717364205,1.042614100741538e-05
Ndufc1,chr3,0.10389922802720487,0.07769297497466847,-0.4031040424313805,0.0002393166334168
Ndufc2,chr7,0.1062940297445385,0.07398973726448281,-0.5004907667218801,2.720813184649986e-06
Ndufs6,chr13,0.10818241893103825,0.07762585815357341,-0.4576915517297226,1.47109761518173e-05
Nedd8,chr14,0.10595224736074303,0.0757378266161402,-0.4647472705176118,2.804962738656027e-05
Nek6,chr2,0.08489191790442988,0.119917800379783,0.4061032187201597,0.000195825577371
Neurl3,chr1,0.08436473857034602,0.16342510735034096,0.7937900115295031,1.784421729101693e-06
Nfe2l1,chr11,0.08227764782128785,0.1325859991291227,0.5709891395696993,5.572872229973596e-06
Nfe2l2,chr2,0.08587238693810625,0.1195973949082297,0.3770230250490709,0.0001247359585404
Nfil3,chr13,0.08204417315129764,0.1537828308715033,0.7625634428880399,1.08468131403839e-06
Nfkb1,chr3,0.08934525472664616,0.12600043463413113,0.4055840847579391,3.693107974948673e-05
Nfkb2,chr19,0.08784211058835427,0.14987099711640609,0.6306356121489962,4.551246809740405e-06
Nfkbie,chr17,0.08472691691869769,0.16740793453122216,0.8004963187460497,3.030461076521799e-06
Nfkbiz,chr16,0.082027614024201,0.1305202192574206,0.5590870016301625,1.433801220128144e-06
Nhp2,chr11,0.10859539832373033,0.06003514273240113,-0.8260913743288079,5.4217235311750764e-11
Nip7,chr8,0.10257132132132128,0.06758774903936189,-0.5973523959754351,2.925850260637659e-09
Nlgn2,chr11,0.08300564199008373,0.12771413916908872,0.4661496310225925,0.0008378450380609
Nlrp3,chr11,0.09111323810926222,0.12887154567319484,0.4045293466132807,5.019338921064745e-05
Nme1,chr11,0.10247551442178088,0.07974960313894623,-0.3640795206564365,0.0003438406869419
Nod2,chr8,0.07381053525913335,0.16241857830642872,0.9792091533688736,5.5733323684044373e-08
Nop16,chr13,0.10403003442742975,0.07383982677238947,-0.485064447515724,3.257496936791218e-06
Nop58,chr1,0.08935005184033172,0.0631631242439951,-0.467603776237956,0.0002183303524592
Nosip,chr7,0.09765698219306464,0.0737686139747995,-0.399381007642697,2.323962034819293e-05
Notch1,chr2,0.0743203309692671,0.14657210401891255,0.6932228785578615,0.0002782006563589
Notch2,chr3,0.08453744990686905,0.13634738763146503,0.5473153657308254,1.86129612266282e-05
Npc1,chr18,0.07528060558600883,0.14140781345166617,0.759374530014883,1.152351774261627e-07
Nphp4,chr4,0.0912587412587412,0.15322455322455317,0.5329739521513662,0.0006163002532667
Npl,chr1,0.09655547155547152,0.0625275625275625,-0.5913113096471471,6.019404671574243e-07
Npm3,chr19,0.10875903895498013,0.07116652882922997,-0.5708925977156574,2.895916411937792e-06
Nrp1,chr8,0.0787921046985625,0.1357362511621254,0.5934564557753751,0.0001113450832148
Nrp2,chr1,0.08598933671102335,0.12487388893389197,0.4030288698804868,0.0007976249522506
Nsd3,chr8,0.09070294784580496,0.12004078117034922,0.3220049468234571,0.000747983452217
Nsmce1,chr7,0.10710952311506486,0.07650576053667779,-0.4705362154026435,3.078433929617872e-06
Nsmce4a,chr7,0.09572969070244083,0.06951431588100114,-0.4349262036967074,0.0002140814562817
Nsmf,chr2,0.10367492192606577,0.0779286803689447,-0.3954237147239303,0.0005127563775941
Nsun2,chr13,0.09820504071162982,0.07537534710782696,-0.3921619848148586,0.0001049527278102
Nt5c,chr11,0.10595285682969914,0.0736805457054067,-0.4761893081953614,4.157309395917953e-05
Nub1,chr5,0.089526583165455,0.1239963796677469,0.3858231223451803,3.243938601506925e-05
Nubp1,chr16,0.10196873062273004,0.06807511737089193,-0.5586829969473004,8.015344077863552e-08
Nudcd2,chr11,0.09004482537806015,0.0663760405891335,-0.4084996514717937,0.0008264858978769
Nudt1,chr5,0.10424508573818482,0.06900878293601,-0.5302553379744357,0.0002184125871186
Nup155,chr15,0.10117959034381854,0.07751158254084367,-0.3873489578751663,0.0006771143672047
Nus1,chr10,0.0968747549211826,0.07227537709460695,-0.4202770430344197,0.0001755595991701
Nxt1,chr2,0.10269125759179804,0.0723983581285637,-0.4906631130058917,3.092671581612978e-06
Oas1a,chr5,0.09652373672288342,0.1264357695724908,0.3178974358354044,0.0005050431459643
Oas2,chr5,0.0837102749073893,0.15423409371547406,0.790865424050366,1.712006792495721e-16
Oas3,chr5,0.07140310568848039,0.18241628373738972,1.267840182087716,1.724320147921144e-24
Oasl1,chr5,0.071909908201798,0.16638489938011194,1.144659665276183,4.389508807494429e-27
Oasl2,chr5,0.06149545772187277,0.2202131376659678,1.738514959042796,2.217632333778778e-33
Ogfr,chr2,0.09165432797085289,0.1161112867180178,0.2783081054221364,0.0004072856055898
Osbpl11,chr16,0.08209727492238697,0.12303093020581807,0.4575597263799195,0.0001590505377102
Osbpl8,chr10,0.07647332552763515,0.12942447987030525,0.6004210965858784,2.803104190583134e-06
Ost4,chr5,0.11406809381164607,0.0732325077323981,-0.5793964731584227,8.385312886316142e-06
Otub2,chr12,0.08517570397952055,0.14948413621906753,0.5969823997985341,0.000356245949281
Otud6b,chr4,0.0889830508474576,0.0606508615379199,-0.5135897218917664,8.403312286753734e-05
P2rx4,chr5,0.08379604911906027,0.12265527673963339,0.4470303592725298,8.166891921809084e-05
P4ha1,chr10,0.09772664955006598,0.13748120082093204,0.3841350111930779,0.0002996336890959
Pafah1b2,chr9,0.09769238161593342,0.07832208154145542,-0.3332358112223035,0.0006001709741512
Pafah2,chr4,0.0936352076857869,0.12908542902891587,0.3715824651592134,0.0005508004618547
Pag1,chr3,0.08027522935779813,0.12496993437102699,0.477161511787502,0.0003538677806308
Pam16,chr16,0.1094795450200726,0.0817561970305231,-0.400600971657215,0.0001487136722208
Pank4,chr4,0.10465505693235093,0.07878033999936207,-0.3971734523166759,0.0006163002532667
Parl,chr16,0.09774998848509965,0.07467029002195504,-0.3803174847190632,9.476356184117315e-05
Parp10,chr15,0.08280731662366378,0.13753225211942496,0.6245537141113352,9.382336080424215e-09
Parp11,chr6,0.08146692376149509,0.1670621971719568,0.938448129049112,5.8828252329406576e-15
Parp12,chr6,0.08367380290897203,0.13811002420252297,0.6248440049018404,8.726970967793055e-11
Parp14,chr16,0.07062344394802356,0.1742550845241749,1.204980289356891,4.899117114346796e-22
Parp4,chr14,0.08244003751842416,0.13872884005538427,0.6128942154534986,6.954668133498102e-06
Parp9,chr16,0.08385689354275737,0.11771701893865942,0.3823993070760481,0.0004320250843728
Pbxip1,chr3,0.09093725959483714,0.13788927828589337,0.4938355030122951,2.141814963285974e-05
Pclaf,chr9,0.0947200083892617,0.06511727488814313,-0.5261857091994379,6.644772749529749e-06
Pcsk4,chr10,0.0898419864559819,0.0663656884875846,-0.4023654448857769,0.0006122884249741
Pcyox1l,chr18,0.09339060308555394,0.1555867227676484,0.5968902353368166,2.414505816244273e-07
Pdcd1,chr1,0.08234090063267577,0.14365463342017115,0.5659006029545112,0.000536436081422
Pde4b,chr4,0.0875666353088742,0.15177171527124486,0.5758571503176947,0.0003595352032729
Pde4dip,chr3,0.08506263294729374,0.13621681241629244,0.5309697035689063,4.834907279291536e-05
Pdgfb,chr15,0.07935328717603085,0.16437922512917916,0.9475679563659208,1.862617515686686e-12
Pdrg1,chr2,0.10676720962593104,0.08409047502114537,-0.3496090309359995,0.0006396266819846
Pdxp,chr15,0.11925125060513145,0.08584799096336933,-0.4381541591432868,0.0002655378787356
Pea15a,chr1,0.09031625229204043,0.1190349441695091,0.3236661696109274,0.0009073201270286
Pemt,chr11,0.10605787704130638,0.07324687800192117,-0.4699323304925727,0.0006581017334846
Pet100,chr8,0.10957874729257833,0.07050346991999286,-0.5405996025022717,0.0001209567081946
Pex6,chr17,0.09631433496593421,0.15041818297899506,0.5306115800716638,5.345199004190096e-06
Pfdn6,chr17,0.1071190898719736,0.07685807242151514,-0.4650758610558917,1.114021035431565e-05
Phb,chr11,0.10698969623762694,0.07442867218470563,-0.5039395179577453,8.415010736983691e-06
Phc2,chr4,0.08974601459065112,0.12010717824011524,0.3518324862864938,0.0001347327086948
Phf11a,chr14,0.07721807628524043,0.15160309563294633,0.6740580573271596,0.0002859419601895
Phf11b,chr14,0.07657943925233643,0.1340560747663551,0.6168523360747208,4.980980067890911e-05
Phf11d,chr14,0.08189627488760433,0.13020766431171052,0.5395476637468536,3.257496936791218e-06
Phf13,chr4,0.08435993572576322,0.12224007617687316,0.4148820860978394,0.0004806345179644
Pianp,chr6,0.0870147339837071,0.12196184920714737,0.3894866928437437,0.0004893921417272
Pim1,chr17,0.08161751066592463,0.1313609101589068,0.518176244104116,0.0003979502676846
Pin1,chr9,0.10756952905188052,0.07399194196343784,-0.4981343960433022,4.155254030898996e-05
Pip4k2c,chr10,0.0877543136749935,0.1194809282627979,0.353825856913314,0.000942878489531
Pirb,chr7,0.0596428571428571,0.2019047619047619,1.383723588479966,2.082682046329847e-06
Pkd1,chr17,0.08491857123306412,0.13240728068974952,0.498161068494922,0.000100839307561
Pkd1l2,chr8,0.09176272503561711,0.1331433752104649,0.4163395454045334,0.0006667949434444
Pla2g15,chr8,0.08949569883987052,0.145660695025386,0.5877517902464461,8.36633622986101e-07
Plagl2,chr2,0.08619687529061651,0.12137698006757802,0.3893090394880511,0.0009650445665998
Plau,chr14,0.07958271206685705,0.114103121432373,0.4157030670046431,0.0002258715174515
Pld1,chr3,0.08446238108965115,0.14643989622369558,0.6020606159464476,9.03706190092412e-05
Pld2,chr11,0.08812603192074844,0.14144193725921847,0.5371513682877834,6.975132764368751e-05
Pld3,chr7,0.08841305401835718,0.12287183945519087,0.3858428601236979,0.0007695000322078
Pld4,chr12,0.0940321646393403,0.1320696143347681,0.3893966592860097,0.0005511344241901
Plekhg2,chr7,0.08523076923076917,0.16882051282051277,0.7643873034720303,8.757165666176574e-06
Plekhg5,chr4,0.10866197183098589,0.07070422535211263,-0.5606309613873433,4.358099336900042e-05
Plekhh2,chr17,0.06856899488926743,0.15672913117546844,0.7819533391017375,0.0003414551604402
Plekhh3,chr11,0.08467372493128367,0.138755980861244,0.593288188769736,2.348450949733133e-06
Plekhm1,chr11,0.08408459236031922,0.14347364753579117,0.6589715083105905,1.018124669837553e-09
Plekhm2,chr4,0.0784813544247506,0.1319166507845753,0.6490358929846701,7.984312216376172e-09
Plekho2,chr9,0.08511725135169113,0.13579257303323694,0.5755242210434512,2.08976318040201e-08
Plin2,chr4,0.09470956905079633,0.13097996516643315,0.3882188743527959,2.669578348721217e-05
Plk2,chr13,0.06898883417712735,0.14254340337979976,0.9256268100882562,1.8337057462695771e-09
Plod1,chr4,0.09361837635869558,0.13122735507246375,0.3989577031856435,6.549194640348255e-05
Plod3,chr5,0.09557712486883523,0.12947184330185374,0.3580261508927112,0.0001991406082686
Plpp7,chr2,0.08333333333333329,0.1470241106052942,0.6677552747352339,4.192263903113061e-06
Plppr3,chr10,0.1085771658060814,0.06043220501051819,-0.6461672088880527,0.0003941275772076
Plxdc1,chr11,0.07290036515388623,0.16414536602330024,0.959742786044064,1.380913262451151e-07
Plxna1,chr6,0.08218116805721093,0.1475963448549861,0.7100102124801201,7.268731903657005e-08
Plxna2,chr1,0.08569729136163977,0.14342362127867248,0.5707191957331823,2.995313813649173e-05
Plxnc1,chr10,0.09013839576842254,0.12941091225273527,0.4176638326874292,5.352871790646438e-05
Pml,chr9,0.08249719108463326,0.1631870955379617,0.8726748846982867,2.925814182405453e-13
Pmp22,chr11,0.073090088688346,0.12476531300243761,0.5853145841775172,6.017025974058854e-05
Pole3,chr4,0.09596288866599795,0.07183216315613504,-0.4068519182635521,0.0004068067277014
Polr2a,chr11,0.08068735172930447,0.12286178049694087,0.4639738280599587,0.0004212194981174
Polr2h,chr16,0.10552590266875977,0.0755939298796441,-0.4705223396177198,2.466804600872719e-06
Polr2k,chr15,0.103387467191601,0.06922572178477683,-0.5199995449550463,5.095235367971097e-05
Polr2l,chr7,0.10739157150903779,0.07831088808097354,-0.431999046238358,0.0003110000090661
Polr3g,chr13,0.09247076023391808,0.058357699805068164,-0.5855441322736272,7.980634906720147e-05
Polr3h,chr15,0.09595334101382486,0.06675307219662056,-0.4710551921622817,0.0001016957120794
Polr3k,chr2,0.10740265796222892,0.068889407010181,-0.5882194306983649,7.626173306534441e-06
Por,chr5,0.08298422512423433,0.1329885588813128,0.5712997531535937,3.737483303026392e-08
Ppie,chr4,0.10671976748463995,0.07076021240327186,-0.5595604004355943,1.246677135316509e-06
Ppm1h,chr10,0.0817424446842957,0.1347814355099838,0.6054453589631036,1.545238154873263e-08
Ppp1r10,chr17,0.08827390720572875,0.1331742006066935,0.4890570923971959,1.61372237991634e-05
Ppp2r5b,chr19,0.08970730918499348,0.13594221647261742,0.49697158380703,1.214237441733553e-05
Pqlc2,chr4,0.0803465765004226,0.1254437869822485,0.5154553286692154,2.802324699285466e-05
Prdx2,chr8,0.1111335632431655,0.08231650121940019,-0.4150654703683724,0.0001454394309609
Prdx3,chr19,0.10399597159634025,0.0778597114115344,-0.4002286139120277,0.0003336330703845
Prdx4,chrX,0.09938641399040629,0.0700703392200305,-0.4817518917352024,9.5352105745153e-06
Primpol,chr8,0.08424443576727839,0.13575426265781596,0.50039272716236,0.0004664377156609
Prkch,chr12,0.07809019355477448,0.13897001798590827,0.7210447767536506,1.8897549613526087e-10
Prkcsh,chr9,0.09155439913866878,0.1318177217053621,0.4310104762362009,6.141230216513215e-05
Prmt1,chr7,0.10049721210704986,0.06564584563922476,-0.5715370871601866,2.78651045857213e-06
Prmt2,chr10,0.09186014180453211,0.1439362343018675,0.527398677611686,1.095766713500149e-05
Prmt6,chr3,0.09556786703601104,0.07151850919163931,-0.4107713671362354,7.31840636241092e-05
Prpf31,chr7,0.09738183586713738,0.07764728486682514,-0.3417931483901645,0.0002519304986645
Prps1,chrX,0.09826717816226932,0.07164417999773824,-0.446976186448347,5.662116105976893e-05
Psap,chr10,0.08831500338978406,0.12370657481150743,0.3909101885990143,0.0002189844357245
Psd,chr19,0.06675515302935657,0.20591297105975426,1.501788984848787,1.487186634961491e-15
Psma5,chr3,0.09624002997312504,0.07397213556114342,-0.3693156110206552,0.0006266447905832
Psma7,chr2,0.10472479109715187,0.0666343537744689,-0.5860901641917791,8.593995222721548e-06
Psmb2,chr4,0.10596013649759572,0.0684615782335652,-0.596769703901531,3.155315650414994e-07
Psmb3,chr11,0.10893746347692868,0.07132763103368657,-0.5753476575213906,1.605155010951457e-07
Psmb4,chr3,0.10529480796027486,0.07459971622803178,-0.4811550316528589,1.456682415291466e-06
Psmd5,chr2,0.09981558996575235,0.07573495692220623,-0.3850600316532569,0.0003969669355306
Pstpip2,chr18,0.08189488910318223,0.11594342655094823,0.3993084945096019,0.0004073354371107
Ptafr,chr4,0.08202929915099047,0.15004716719382935,0.6579579854756816,7.370189115596351e-05
Ptchd1,chrX,0.07111226882000513,0.1417903968047234,0.8327565207016479,4.890664045733247e-07
Ptgir,chr7,0.08497948640024305,0.1364027756673251,0.5450539008556632,2.882426680604018e-05
Ptk2b,chr14,0.0910756546301244,0.12763060793444786,0.3782836456871249,0.0006980539025461
Ptpn22,chr3,0.08750799403112339,0.12574907032378785,0.4257795528919549,0.0003409326911321
Ptpro,chr6,0.09089459416361022,0.13687343857970546,0.4656787076629508,3.68031364029808e-05
Ptrh2,chr11,0.1030473042182698,0.07153055840084427,-0.5196241325543898,1.982119021232722e-06
Pwwp2b,chr7,0.08441169422477827,0.15280773224698455,0.7419562516725857,1.659054459478168e-08
Pycr1,chr11,0.0914127423822714,0.14562172976300394,0.5156962075445184,0.0002215033419051
Rab11fip3,chr17,0.08224622910721564,0.14000996512207273,0.6262901059467482,2.057297174981899e-06
Rab20,chr8,0.08342809657102865,0.14156169815721945,0.6523983261540982,9.22839935526418e-08
Rab32,chr10,0.08064006499954858,0.1303000210646685,0.5638176447038412,1.096881447133149e-06
Rad18,chr6,0.08901425178147265,0.06083399313803106,-0.5128818549890239,2.955879836899559e-05
Rad9a,chr19,0.08150958737041801,0.12631840458929008,0.5294708383505078,8.412798446434486e-06
Ralgds,chr2,0.07954617632113817,0.1296472730352303,0.5625755733273591,4.617562998380861e-05
Ranbp10,chr8,0.08885949441504995,0.1262590632961003,0.4160484507822088,3.252286641280796e-05
Rapgef2,chr3,0.07903815995818082,0.15629900679560896,0.874672914576697,1.322808247912841e-11
Rasgef1b,chr5,0.06718227875390745,0.16840932772807296,1.235083626929239,5.381660494878553e-15
Rbm3,chrX,0.07236240432596988,0.022448232191485066,-1.709255521516122,3.833036906214193e-70
Rbx1,chr15,0.10461850061353314,0.0789806971117123,-0.4152327922714681,8.385312886316142e-06
Rela,chr19,0.09103737943908614,0.12373883283701492,0.3635443150823348,0.000156626745216
Relb,chr7,0.08965506369025092,0.150081977550763,0.6117381900551035,8.126171478123057e-06
Relch,chr1,0.09448455984022118,0.07451221385773539,-0.345954162968939,0.0008375792599093
Resf1,chr6,0.08398641588296757,0.1396290491118077,0.5683166991918848,2.137878761162049e-05
Retreg1,chr15,0.08332380680194335,0.11629989520815466,0.391947461789411,8.717670228693223e-05
Retreg3,chr11,0.09112682481751817,0.12918187347931873,0.4006817540929455,0.0009682616087005
Rftn2,chr1,0.07006854531607005,0.16527037319116525,1.036801474749072,2.846512739736267e-07
Rgl1,chr1,0.0849980193537434,0.13300511195367173,0.5288566728438373,8.782014522596936e-06
Rgs14,chr13,0.08532382521241542,0.12536847581064672,0.4481782614079376,0.0006041932509263
Rgs2,chr1,0.07259534492428485,0.10587648781703744,0.4098957697723506,0.0009931766952672
Rgs3,chr4,0.0888709063214013,0.1398197512058898,0.5483597408228421,3.430618119731098e-06
Rhbdd1,chr1,0.08609994010438948,0.12384130515387459,0.4178264908585215,0.0008141245977036
Rhbdf2,chr11,0.09028743384870808,0.13165923005084565,0.4372456025213964,5.019338921064745e-05
Ric8a,chr7,0.0869388929580412,0.12282445676816289,0.4064126278161921,0.0003588910149115
Rin1,chr19,0.07262823422605534,0.17536692389166283,1.120217027062186,2.56308913631285e-08
Ripk2,chr4,0.08931756033765303,0.12784845242341378,0.4202243651494307,0.0001352601166803
Rnaseh2a,chr8,0.10295136765724998,0.08391423097305446,-0.3072400672126422,0.0004716450660146
Rnaseh2c,chr19,0.11423916237078979,0.0797712427029449,-0.4748310916961092,9.586130286792418e-05
Rnf114,chr2,0.0862910062219094,0.1456683887547117,0.6729975649851141,3.8571077773875275e-11
Rnf144b,chr13,0.07604106697370945,0.13810529009147313,0.7313457162294761,1.1530361297748751e-08
Rnf145,chr11,0.10514955288313284,0.07446808510638293,-0.477883061893296,6.59414787769125e-05
Rnf19b,chr4,0.08632143769695932,0.14584220537716827,0.6547583072331397,1.545238154873263e-08
Rnf213,chr11,0.07329973632065903,0.16491660555754914,1.039386759634353,2.465084692230342e-12
Rnf214,chr9,0.08528377395100648,0.12535370684776453,0.4371717393840698,0.000434746852653
Rnf31,chr14,0.08883596308425121,0.12896695445072934,0.4256335417142588,0.000143006197722
Rnf7,chr9,0.09722670757306633,0.0638713960205967,-0.5801987671347261,5.993028327183356e-08
Romo1,chr2,0.10814321926489223,0.0767034824069044,-0.4557337983420661,6.821398362624471e-05
Rpia,chr6,0.10108469655956999,0.07771370287552463,-0.3891663330664266,8.247637795496016e-05
Rpl13,chr8,0.10704872464218368,0.08173409316097584,-0.3767825457586064,0.0003108120379961
Rpl15,chr14,0.10915102781342947,0.08147591341709016,-0.4043968813774659,0.0002183303524592
Rpl18,chr7,0.11214917069177527,0.07745419675608926,-0.4830731436586953,6.647928911585765e-05
Rpl22,chr4,0.11079891838107728,0.07606905244923787,-0.5274733151818148,3.242194392260971e-07
Rpl36,chr17,0.1063116079537483,0.08245208577919211,-0.3485394404256115,0.0008770835556499
Rpl38,chr11,0.11217058525335745,0.07717818919169774,-0.498832515018312,1.152349680015283e-05
Rpl7l1,chr17,0.1006894333939888,0.0750193470121938,-0.4187803796019253,0.0001384132233451
Rpp14,chr14,0.09380802742465355,0.0681648653366979,-0.4329341616918635,0.0002678137991838
Rpp21,chr17,0.1049776093696176,0.07333409882497026,-0.4931443638285291,1.486431753271411e-05
Rps10,chr17,0.11120554393305435,0.07051952580195257,-0.5953916053364489,6.086575519681477e-06
Rps25,chr9,0.10248596746160638,0.08120399654291437,-0.3379368016479685,0.0004139117341632
Rps27l,chr9,0.11173301406764438,0.07278687589971633,-0.5828941532253665,7.610082987149986e-07
Rps3,chr7,0.10597861389182153,0.0790826125646435,-0.3983863934967139,0.0002502185260308
Rps5,chr7,0.10888423199728992,0.08303818330774639,-0.3720175859064051,0.0006688778837891
Rpsa,chr9,0.11215188370627062,0.07925940288409583,-0.4482632138719874,0.0002895371255996
Rrad,chr8,0.08622036988799163,0.16115307805852216,0.7257791659833769,7.776083649403401e-06
Rragc,chr4,0.08320870610228333,0.11657097075711038,0.394894237022347,5.044890231574041e-05
Rras2,chr7,0.09678185986691264,0.07344032507595664,-0.3919999043611566,0.0003053282826792
Rsad2,chr12,0.0535009349677955,0.21054089618394622,1.839102677110538,1.071418459017232e-28
Rsrp1,chr4,0.08644422131638889,0.1375334692083283,0.5544855516881383,1.290410323614141e-07
Rtp4,chr16,0.07964362171011202,0.13895814968727693,0.7007852821514495,1.5422979743332079e-10
Rubcn,chr16,0.0857291855614003,0.13752342946973817,0.5518025504259461,4.351449298335908e-06
Rusc2,chr4,0.07635034283315448,0.15286005255220234,0.909291702929394,2.783386629396005e-12
Rybp,chr6,0.08288546518571598,0.12842867948564826,0.4902095108046962,0.0002048645268642
S100a13,chr3,0.11236257248563403,0.07995941679130257,-0.4490334145787251,0.0002263067917179
S100a4,chr3,0.10743038690575195,0.06618095523248717,-0.5655093608029623,0.0001571486254614
S1pr2,chr9,0.0863794977404038,0.14373700970577574,0.6231328417359061,1.898598648565533e-07
Samd9l,chr6,0.07183538489803415,0.15973625655786228,0.991040068012772,9.770936577843874e-10
Samhd1,chr2,0.09068630854032737,0.13130990563199715,0.4417451577694289,1.266930385189633e-06
Samm50,chr15,0.09914036076662902,0.0798050022965468,-0.3324204853475288,9.950916391605194e-05
Sapcd2,chr2,0.1060069454014276,0.0651912282152339,-0.6696274152697482,3.8148460146059496e-08
Sarm1,chr11,0.06744186046511622,0.18139534883720923,0.9606419377651484,0.0001336335411994
Sass6,chr3,0.08241550116550113,0.1228438228438228,0.45830540348778,3.637343945087505e-05
Sbno2,chr10,0.08219925043008107,0.1304067338412386,0.5683157993164982,4.079030241358628e-08
Scamp5,chr9,0.10253541076487245,0.07157695939565624,-0.49943033167629,3.645110430425197e-06
Sdc3,chr4,0.08433381764420989,0.1674271197097533,0.8736233644011785,4.812006939450069e-13
Sdhb,chr4,0.11097234017751573,0.07179453020488137,-0.5627744386366105,1.509536868060095e-05
Sdhd,chr9,0.09740581174639151,0.06969043164779937,-0.4752757080087471,3.265925637468614e-06
Sec13,chr6,0.10005468977351406,0.0753648493606146,-0.4007732632623541,7.966835085926202e-05
Sec14l1,chr11,0.09136513770581366,0.13258996200362577,0.4488232615041665,6.165318433922412e-06
Sec61b,chr4,0.10550292943765027,0.0780778283784475,-0.4301620094783736,9.473562565759832e-06
Sec61g,chr11,0.10774289792438986,0.0745065387334879,-0.5018161970959203,4.46610155910331e-06
Selenoh,chr2,0.11089783108221707,0.053513049001475764,-0.7498393846621235,0.0004664377156609
Selenok,chr14,0.0961816404174371,0.07261932595095887,-0.4105387922261721,1.242062671279017e-05
Selenon,chr4,0.09127866840530796,0.1352688501955971,0.4618833416216441,8.782014522596936e-06
Sema4d,chr13,0.07501082549305195,0.16013200540618555,0.9759978409446022,4.852682219604326e-13
Sephs2,chr7,0.10184469383946895,0.0790259376749393,-0.3777863821741795,3.944974115033276e-05
Sept8,chr11,0.08204170126395423,0.14573915182827438,0.718432358771675,8.327328100912528e-10
Serp1,chr3,0.10025701082040092,0.0810443124522268,-0.3279334763276186,0.000164307241127
Sf3b5,chr10,0.10966894457099466,0.07300632751202223,-0.5383310815832223,1.577615993824161e-05
Sft2d1,chr17,0.09628666439290584,0.07599098074882514,-0.3328207864988956,0.0007617494421716
Sft2d2,chr1,0.09556726864253001,0.12363067292644754,0.3044963216188945,0.0009248886397622
Sh2d3c,chr2,0.08584393712574845,0.13379491017964065,0.4921905237811677,0.0001181755849073
Sh2d6,chr6,0.06102719033232622,0.1494461228600201,1.044776158620944,7.047198361216897e-06
Sh3bp2,chr5,0.08507110420650092,0.13673783726364983,0.5897313006501953,2.035594085695889e-09
Shisa5,chr9,0.08983784387145217,0.12113340165944504,0.3515654288181539,0.0001656254156875
Siglec1,chr2,0.07989363950130304,0.1523796107158789,0.8015877124870295,7.380580713334398e-10
Sik1,chr17,0.10066371681415924,0.04326450344149454,-1.054282516749692,3.257496936791218e-06
Sin3b,chr8,0.10552794703847432,0.07004758810824097,-0.5638221905159221,2.725918018648681e-07
Sirpa,chr2,0.08067673459415117,0.14587247938227285,0.7560000192514176,1.178745273895084e-11
Siva1,chr12,0.11050590022198852,0.07894691747478287,-0.4350581869121438,0.00051167784808
Ski,chr4,0.0879136200272648,0.12388978394679222,0.3925221557853165,0.000273067602916
Slc12a9,chr5,0.08655989532855202,0.14327712088906117,0.6000866240915522,2.586828480080995e-06
Slc14a1,chr18,0.10858585858585855,0.025252525252525203,-1.681147517801332,1.807065115641679e-07
Slc15a3,chr19,0.08995124593716139,0.13702901167689896,0.4909066822621141,6.017025974058854e-05
Slc15a4,chr5,0.0869004250151791,0.13604983246756164,0.5381392937440383,8.543060206345962e-06
Slc16a6,chr11,0.09455844401082641,0.07398082289502943,-0.3622840509976396,0.0005928302982017
Slc25a25,chr2,0.08555756893089764,0.1304830468354637,0.501856419300064,1.205923831921549e-05
Slc29a3,chr10,0.08104368452263287,0.11899584898201221,0.4333480774643298,0.0005771907499898
Slc2a6,chr2,0.08909477892587234,0.12532447454897136,0.3930448591478375,0.000536436081422
Slc35b1,chr11,0.09945348246059985,0.07530267939520607,-0.4091549814586239,2.895950698206053e-06
Slc36a1,chr11,0.0854268341467317,0.12798357201909483,0.4628350136795357,9.950916391605194e-05
Slc37a1,chr17,0.08302085238704952,0.15242972989451856,0.7700349722227808,1.0718607215580239e-10
Slc38a7,chr8,0.0775585723198726,0.12945791470349888,0.6269193469533498,1.131358731777014e-06
Slc39a10,chr1,0.10172516359309927,0.06894988810515278,-0.5181957869434123,0.0001252495180115
Slc3a2,chr19,0.0828299508217172,0.13901892937105634,0.6255943897209282,1.182289856238451e-06
Slc40a1,chr1,0.07761732851985555,0.15804251905334937,0.8996270304250252,3.392418066790126e-10
Slc45a4,chr15,0.08890257187514798,0.12737807669840062,0.4069611790000317,0.0001870075567402
Slc6a13,chr6,0.10721651366100267,0.0740024213222366,-0.4645957751804938,0.0003799281081521
Slc6a8,chrX,0.07225806451612901,0.13096774193548386,0.6797206296509473,9.82554689884246e-06
Slc7a1,chr5,0.08194469375137114,0.13362851273459778,0.5783535179044816,2.418611112972202e-06
Slc7a7,chr14,0.08357573239143977,0.15936006648659876,0.7761875882516615,1.398338112510211e-06
Slc7a8,chr14,0.08581974776991694,0.1431696230219761,0.5475587586316182,0.0001734551718716
Slfn2,chr11,0.0805334074443209,0.1268256219572967,0.5008345499230329,0.000143006197722
Slfn4,chr11,0.07536091907279378,0.1393520401247119,0.7195081592034307,3.649852720069242e-07
Slfn5,chr11,0.07652654867256632,0.14235988200589966,0.7563814778024299,1.209033839009617e-10
Slfn8,chr11,0.07998499018589073,0.15190701612592847,0.8017021720627772,1.031081292344269e-11
Slfn9,chr11,0.08569863559406429,0.1302327125452312,0.4374401548339751,0.0006129811645245
Slpi,chr2,0.09993897451212067,0.07093671959870328,-0.4901187671903402,3.502045561975956e-08
Smad4,chr18,0.08703782534663096,0.117530203519014,0.3433653377863128,0.0005114189609929
Smc2,chr4,0.09360342066125155,0.0667257750829424,-0.4604178734787077,0.0003066406468671
Smim4,chr14,0.1069278156759014,0.07132581558308963,-0.5383013130092188,2.457891373291121e-06
Smox,chr2,0.10031055900621115,0.1296894409937888,0.3074675015648962,0.000434746852653
Smpd1,chr7,0.08828468612554977,0.12733573237371718,0.4406673441113229,5.440211604578686e-05
Snrnp25,chr11,0.11115396270075202,0.06148590947907767,-0.8393326366672199,1.928054653719584e-13
Snrpd1,chr18,0.09583527621665391,0.06717876980718411,-0.4952380503150128,3.650903446750537e-05
Snrpd2,chr7,0.10886125667979363,0.0759162213470874,-0.5025606327221422,5.303048367798969e-06
Snrpg,chr6,0.10387651026795172,0.07867316700124266,-0.3926520553667112,0.000151964660992
Snu13,chr15,0.1093032350991324,0.0713600961515531,-0.5830580507552015,1.217036397558839e-06
Snx20,chr8,0.09340326967024101,0.13411645485849005,0.4406428497076566,9.188540243805627e-05
Snx24,chr18,0.0880882548993467,0.12544994000799892,0.4072646659022591,0.0002441543808606
Snx30,chr4,0.08026811433636158,0.12319964546864609,0.5178681134943007,2.854481741514508e-07
Snx33,chr9,0.0791525423728813,0.1326553672316384,0.5669027879154044,0.0001591489613628
Soat1,chr1,0.09075634734371663,0.1249768864234407,0.363671246915752,0.0004344014183445
Sod2,chr17,0.09972069760644339,0.07647797516590343,-0.3915085842528253,2.907978690134396e-05
Sorbs3,chr14,0.055304740406320475,0.21294206170052665,1.324675017110468,3.243938601506925e-05
Sos2,chr12,0.08522127291926654,0.12374004031870978,0.4368810858707873,7.893342315556886e-05
Sp100,chr1,0.07895639698084955,0.14685089306136023,0.7849030480816226,6.377706156115373e-14
Sp110,chr1,0.09115550953280134,0.12773344703660836,0.3950258718783844,2.804537071381168e-05
Spag7,chr11,0.10352619816240373,0.0746626934856386,-0.4523769400283807,4.114423369732877e-05
Spata2,chr2,0.08753315649867369,0.12852664576802506,0.4308371555557253,0.0006241217411822
Spc24,chr9,0.10763572599744944,0.07579553045484903,-0.4865864698453158,4.888394070879407e-06
Speg,chr1,0.08783081869898587,0.13110726358314775,0.4913502414596008,9.173280164605637e-08
Spns1,chr7,0.09201114319293097,0.12839821438071605,0.4008015465052613,0.0001299959368985
Spsb2,chr6,0.08717830882352935,0.13268995098039213,0.4971455386803681,8.819138632348516e-05
Sqstm1,chr11,0.07284622395135287,0.15998458078367397,1.046429390649718,1.208615950715071e-11
Srgap2,chr1,0.08597185576077392,0.1313172315810838,0.5058376446446973,7.660619831736322e-07
Srp14,chr2,0.10181808247619824,0.08153369121282895,-0.3394089507162195,9.379898224872124e-05
Srp9,chr1,0.10089598857228135,0.07289434690374913,-0.4624561905934373,8.8696028055951e-07
Ss18l2,chr9,0.0933738923422827,0.0696997751620156,-0.3999824102125997,0.0004910515920428
Ssh2,chr11,0.08626651982378847,0.13182085168869306,0.4891853508847056,6.992597967194536e-06
Ssh3,chr19,0.0823341523341523,0.13090909090909086,0.5196646815246595,0.000172729305039
Ssr1,chr13,0.09450347483150119,0.07437246232443796,-0.3540742770403122,0.0008504986582701
Ssr2,chr3,0.10370037317343825,0.07620468915245983,-0.410176542728759,0.0005986851425236
Ssr4,chrX,0.10932928413939955,0.06849397371517033,-0.6380496374869172,3.927784833347732e-09
Sssca1,chr19,0.10653099743502872,0.07551339753827287,-0.4775383448266593,2.323962034819293e-05
St3gal1,chr15,0.0914191793244162,0.14939922919972792,0.5614533063209657,1.973024874807235e-05
Stambpl1,chr19,0.08677493685469931,0.12606903886205517,0.438994527444341,0.0002560635129184
Stard3,chr11,0.08811445754072258,0.14164348464626647,0.5910771654822857,9.983311494420208e-09
Stard4,chr18,0.09642559109874821,0.06948539638386643,-0.4559705471575574,0.0002250937274718
Stat1,chr1,0.0823833587965683,0.15885141223018762,0.8217678899055529,2.1515522539794702e-10
Stat2,chr10,0.06787255909558063,0.18302158273381294,1.336251398059067,3.305796008396028e-22
Stk38,chr17,0.0882672192618906,0.12326491678179063,0.399819052931888,4.914631412916599e-05
Stoml2,chr4,0.10372503309164902,0.07171832915160249,-0.5054453725797271,6.431784120774006e-06
Stx11,chr10,0.07646103896103892,0.1374458874458874,0.5968152850641123,0.0006072920146451
Sumf1,chr6,0.09036351786813422,0.1231036605235526,0.3730966732464499,1.603087539258402e-05
Sumo3,chr10,0.0959766341386102,0.07406736552931674,-0.3847107510086853,4.472899644229286e-05
Susd6,chr12,0.08266611209316829,0.14933046803692532,0.737400232928936,3.446485550131549e-09
Syce2,chr8,0.10242042897166212,0.07882469113121754,-0.3829728035309665,0.0002029350779701
Syk,chr13,0.09142050390964378,0.12783087170576304,0.3935366772920002,0.0001624139377327
Sympk,chr7,0.09509792231794198,0.12930780364530023,0.3588510466958023,0.0001247359585404
Syne1,chr10,0.08397316908538638,0.13030149623129708,0.4729671049688889,0.0003988710919497
Syngr1,chr15,0.09977743022136665,0.07488771254411286,-0.4047616985964014,0.0001259938098096
Synj1,chr16,0.08397855866587249,0.13086020590487532,0.4989035042747805,8.392494314705116e-05
Tacc2,chr7,0.08667927456114825,0.1292147544693369,0.4623249696305667,3.167851631146248e-05
Tamm41,chr6,0.0979858559245649,0.07058170976911869,-0.4350790435208693,0.0004803428343797
Tanc1,chr2,0.0909807310997,0.13173013371294925,0.413522184566875,0.0005652581832952
Tap1,chr17,0.07980443603746525,0.14928150837477497,0.7922040177893226,5.435896895936301e-10
Tap2,chr17,0.08890611160318862,0.1404635370534396,0.5452982372897256,5.665729786581155e-06
Tapbp,chr17,0.08681257269850343,0.1259067682983622,0.4370282789117826,5.911704004696744e-05
Tardbp,chr4,0.09092267660606908,0.069314048392075,-0.3858055571364223,0.0005482058090902
Tbc1d10b,chr7,0.09021614479457515,0.13324358462970345,0.4624976037422288,2.449962352701768e-05
Tbc1d9,chr8,0.04545454545454542,0.2169059011164274,1.645566251313583,3.487944640499507e-06
Tbc1d9b,chr11,0.08799079834788512,0.13631689932207522,0.524110180796301,1.982119021232722e-06
Tbl2,chr5,0.10886474672152222,0.08106911231107679,-0.4170591875463449,0.0003713441375543
Tbl3,chr17,0.101794529416525,0.07548353160152137,-0.4143497987698841,0.000131374862419
Tcirg1,chr19,0.0818093594370158,0.12587917845845703,0.5141229658185853,4.937880129169859e-06
Tcn2,chr11,0.0851070016282856,0.15065519112972003,0.623755572883655,0.0001347327086948
Tdrd7,chr4,0.08384615384615383,0.1412971342383106,0.6328116898330899,1.417728325003759e-08
Tecpr1,chr5,0.06858469495709413,0.13314525292896037,0.866768597643761,1.531964734819107e-11
Tet3,chr6,0.08616815017185157,0.12656796216327368,0.4383446530943073,0.0001346768889095
Tgif1,chr17,0.07970277753742318,0.14605866574370507,0.793193387069398,1.843886875383887e-14
Tha1,chr11,0.07306830907054868,0.1377379619260918,0.6250896443663043,0.0009066216488134
Themis2,chr4,0.08615221987315005,0.1447989407820274,0.6188887705861845,1.740067366378896e-07
Thg1l,chr11,0.09692880532375615,0.07355374810746097,-0.377059502070746,0.0007453066302961
Tifa,chr3,0.08972023422251135,0.13480806766428108,0.4609506726261183,9.794521500567032e-05
Timm17a,chr1,0.1007672406102239,0.06981294792874766,-0.5136190387528494,4.888394070879407e-06
Timm23,chr14,0.09692757106157285,0.06945480327431097,-0.4497268361639727,0.0001994187347441
Tipin,chr9,0.09093206849079327,0.06322778638214877,-0.4954504037372958,8.823303371027668e-05
Tk1,chr11,0.10788535444737693,0.061908951199130334,-0.7474635036717086,2.957521061567201e-08
Tlcd1,chr11,0.10614008022215363,0.0589324282628818,-0.7713672694048935,7.258794882450613e-08
Tle3,chr9,0.0864149762908324,0.13141025641025636,0.5014623849386726,1.119638384331818e-06
Tln1,chr4,0.0871245232040686,0.1270926043653316,0.4213923707517541,0.0003542100132016
Tlr3,chr8,0.07277108433734936,0.14987951807228914,0.8290872240965623,2.193968246586938e-06
Tm2d3,chr7,0.11044426048565117,0.08129828918322295,-0.4123059066227097,0.0004115088536658
Tmbim4,chr10,0.1015748576399873,0.0798929663608562,-0.345700597388566,0.0006924236441577
Tmed1,chr9,0.10508214981899187,0.07335004177109433,-0.4688789432686644,0.0002393166334168
Tmem104,chr11,0.08742774566473985,0.14379659881042137,0.5670134975262607,2.101479799483332e-05
Tmem106a,chr11,0.07692467835283336,0.16244049353929849,0.9856707642393664,3.800989930860434e-15
Tmem132a,chr19,0.08633486138397728,0.16553881976278828,0.8251718963223732,3.132931295926447e-11
Tmem140,chr6,0.0750628140703517,0.15912897822445557,0.7433752888814691,0.0002648627070292
Tmem141,chr2,0.10362936442557504,0.06403269754768386,-0.626636475296702,3.702733065221848e-06
Tmem147,chr7,0.10651313944153742,0.07392971019398846,-0.4914108210706066,2.54549060594033e-05
Tmem154,chr3,0.07240420271940665,0.14384013185002056,0.8402039864541809,2.441503637692357e-07
Tmem171,chr13,0.0881325528700906,0.12437059415911378,0.4006614269780662,0.0007154145958722
Tmem184b,chr15,0.0882968859901528,0.12394228104951294,0.3832646774989567,0.0007141456504489
Tmem206,chr1,0.08331217468579404,0.13368033515297695,0.574906466205792,3.329830006703745e-07
Tmem219,chr7,0.10964271911366855,0.07671662300854551,-0.4820416133040619,4.01533297672389e-06
Tmem258,chr19,0.11038152196329137,0.079639788272496,-0.4428448454181693,0.0001538377635968
Tmem86a,chr7,0.074416762672811,0.1773233486943164,0.8249865634561518,0.0004773727972615
Tnfaip2,chr12,0.08010641442506646,0.14918429683431159,0.7636826611780245,2.018921620105918e-07
Tnfaip3,chr10,0.08525519848771262,0.16005040957781977,0.7598485464824023,3.649852720069242e-07
Tnfrsf1b,chr4,0.08453289397618217,0.13627779704782825,0.5537486646431732,1.27756990531926e-06
Tnfsf12,chr11,0.07793575566087413,0.15622257328418462,0.6915700922453955,0.000536436081422
Tnfsf9,chr17,0.0858198130996042,0.12911736875185617,0.4991748339011767,2.635158097292004e-06
Tnip1,chr11,0.0914740106904819,0.130727436703988,0.4232243757060683,5.277159946241558e-05
Tns3,chr11,0.08034827800186156,0.11815596235391453,0.4256930138966261,0.0005102445647224
Tomm5,chr4,0.10642015087027978,0.0648945395698854,-0.6804612816022009,4.145878280868448e-08
Tomm7,chr5,0.10758310416365122,0.08194625367877643,-0.3804285914865093,0.0002085748655008
Tor1aip2,chr1,0.08353104462739327,0.11702136072821023,0.391774009090545,0.0001469943049126
Tor3a,chr1,0.07903979916163797,0.1511201191518111,0.8505483192224317,2.879703376904118e-19
Tpp1,chr7,0.08877609305223802,0.1264444213660124,0.428000374539926,1.099205542989566e-05
Tpra1,chr6,0.08868712253252803,0.12932863145663595,0.4380349073095715,0.0003336330703845
Traf1,chr2,0.09293885469628041,0.15250646686290248,0.5861427621060054,2.067542405056014e-05
Trafd1,chr5,0.07325746799431002,0.16705250141782646,1.125841239648353,3.622545880804667e-34
Tram2,chr1,0.08736621684504414,0.13230960136497594,0.4577453639377855,0.0004330410069724
Trappc1,chr11,0.1072709691506285,0.08127722844339076,-0.4053996372438056,3.929828589385998e-05
Trappc2l,chr8,0.10961378295144197,0.0776759831360927,-0.4621132036828371,0.0001442578492179
Trim14,chr4,0.08459981417573663,0.14481019378816032,0.6159366212697018,7.047198361216897e-06
Trim21,chr7,0.07806191117092863,0.13156123822341856,0.5764010229451738,3.200827802019594e-05
Trim25,chr11,0.08414733101202762,0.14146612023541733,0.6167938940050602,3.8386085936530655e-08
Trim26,chr17,0.0878958602203911,0.13061319037691518,0.4593075261562308,1.248611138277523e-05
Trim27,chr13,0.09463273245023007,0.12288017085759324,0.3074340031397392,0.0003336330703845
Trim3,chr7,0.0880760903185895,0.12965254149912356,0.4411765877222754,0.0002390321692338
Trim30a,chr7,0.07734571079220019,0.1405495849153742,0.7297563250822772,2.035594085695889e-09
Trim34a,chr7,0.06994047619047612,0.17420634920634917,0.9390532405422952,6.825457417991404e-05
Trim34b,chr7,0.07120253164556958,0.17756680731364272,0.995030955967776,1.163835735991888e-05
Trim35,chr14,0.0851215769593956,0.12215926975133769,0.4270331569402624,1.746362674824552e-05
Trim45,chr3,0.0800627943485086,0.1343799058084772,0.5573853089240248,0.0002426573233403
Trim46,chr3,0.07448537378114839,0.16619718309859152,1.025808047702047,1.7698574362654763e-08
Trim56,chr5,0.08969804618117226,0.12914222150456603,0.4030070916804541,0.0002991844825902
Trim8,chr19,0.09097563045415324,0.12641142054321122,0.3892657479480294,9.4518837660675e-05
Trmt11,chr10,0.0815484804630969,0.05605402797877467,-0.4822850278046322,0.0003242618921813
Trmt1l,chr1,0.09264797785911968,0.1458500729101568,0.531868073463091,2.805744017253782e-06
Trpv2,chr11,0.09371738040045002,0.12777619622143593,0.3707967090260469,0.0001511285360406
Tsc22d2,chr3,0.08393017009847803,0.12260732403973224,0.4192566878563226,0.0004191813196685
Tsta3,chr15,0.10469694070044012,0.08076113404598513,-0.3631269453103811,0.0003953914458337
Ttc17,chr2,0.08844215830359012,0.1389647047845662,0.5330762303608079,2.378082518940803e-06
Ttc7,chr17,0.08853871799710636,0.13433701676766402,0.4918725841629222,7.755593445313431e-05
Ttyh2,chr11,0.08541713388652161,0.14205352470658592,0.5925565358392294,6.465021814257347e-06
Tuba1a,chr15,0.10556030717717274,0.07949361867326633,-0.412417425488262,5.669429617276037e-06
Tuba1b,chr15,0.10461128882227551,0.07380472637178599,-0.4762783601465511,0.0001355969136154
Tuba1c,chr15,0.1032028203381711,0.0747349695486311,-0.44522377486963,0.0003226682933464
Tubb4b,chr2,0.10474333310324195,0.0676698649363797,-0.5828896749997344,3.543043952711194e-05
Tubb6,chr18,0.10667780795209242,0.07222000662568867,-0.5344070653946351,2.180564627581241e-05
Tulp3,chr6,0.08861441065135095,0.1252665013270678,0.398032278647148,0.0004664377156609
Uba7,chr9,0.08687301064647127,0.13714191636483367,0.5413444067809586,3.600532489756307e-07
Ube2d1,chr10,0.08796384395813507,0.12388201712654606,0.3987593326092958,0.0001190475463594
Ubl4a,chrX,0.10985810512367489,0.0790267962308598,-0.4383436836734257,0.0002120792430622
Ubp1,chr9,0.08511910032763657,0.12199297499926202,0.4222800903176996,8.819138632348516e-05
Ubr2,chr17,0.08604183427192272,0.12488066505765616,0.4281348905605129,0.0001600540237789
Ubr4,chr4,0.08517044610585728,0.13103018600122127,0.469864731996434,0.0004332352766917
Ubxn11,chr4,0.09118926758520662,0.1422528402223833,0.4758638424338036,0.000880251965169
Uhrf1bp1,chr17,0.08295983638658017,0.12932422435925323,0.5229796455934075,5.828717655911742e-06
Uhrf2,chr19,0.08852327447833062,0.14007490636704112,0.5611281723202608,4.439770456927918e-08
Umps,chr16,0.10088108168015067,0.0775179479601512,-0.380850545474558,0.0006512229562469
Uqcc2,chr17,0.1111477297378477,0.07765559208147686,-0.4741483367197215,0.0001361071760301
Uqcr11,chr10,0.11181979130863362,0.07755778788016347,-0.5003521971034066,6.76414394309145e-06
Urod,chr4,0.10424876568374321,0.08032492337425066,-0.3825158339843479,8.850474221787682e-05
Use1,chr8,0.10447476898431238,0.073827338972786,-0.4796403537103424,2.748572711228513e-06
Usmg5,chr19,0.10913364294834849,0.0811025609154359,-0.4057605208687882,0.0004893921417272
Usp11,chrX,0.0792097488921713,0.1742983751846381,0.8697415766610885,7.166745360862274e-06
Usp18,chr6,0.072423531664353,0.15850525744738558,1.054420585934493,2.756601676517294e-23
Usp2,chr9,0.07595797953407354,0.12344872632266486,0.5866673370329458,3.70641410082841e-07
Usp25,chr16,0.08625343309025471,0.1255011522555797,0.4189694039330296,0.0001886695727247
Usp30,chr5,0.08790523690773062,0.12111877169820544,0.381048397542635,0.0001025389952733
Vamp8,chr6,0.10457706055783121,0.07761717153268798,-0.4127442294112485,0.0001934480324984
Vav1,chr17,0.0923489494053404,0.1231024793680527,0.3312520264310863,0.0007593441031147
Vcpip1,chr1,0.0815406255171272,0.13591483258867004,0.5960707129038773,3.389187037655987e-07
Vezf1,chr11,0.08877662107913174,0.12662448118663672,0.398816480010285,0.0006000115882342
Vim,chr2,0.0917765338312204,0.1405316425531521,0.4836585207077314,7.507192501642105e-05
Wdcp,chr12,0.10494520005281917,0.0644394559619701,-0.6727096229037608,6.496728474968881e-08
Wdfy3,chr5,0.07947620557258091,0.14418730259372758,0.7137687962924717,1.040276709316027e-07
Wdr7,chr18,0.0786260741982812,0.13183818905889746,0.6174354270691971,7.282924037399479e-08
Wdr81,chr11,0.08370612808789181,0.12851550935824474,0.4958834966904967,2.375986755842271e-05
Wdr91,chr6,0.08433433433433427,0.12186260334408477,0.4209461785569114,0.0006001709741512
Wipf1,chr2,0.0828630178938618,0.13205290866401245,0.5554177551621619,3.713499428475672e-07
Wsb1,chr11,0.08873001576221569,0.11904976356676417,0.3440990207743962,0.0002131829554737
Xaf1,chr11,0.08684144505770193,0.13851814684729882,0.5665692778159784,1.969217532312967e-08
Xdh,chr17,0.08050265069703509,0.14438117677858497,0.6615444675011106,1.48423599429037e-05
Xylt1,chr7,0.07892590074779057,0.1311126217992295,0.5509224937029885,7.893342315556886e-05
Ydjc,chr16,0.1103970996379142,0.0776922087231422,-0.4685338488288368,0.0001159018522214
Yipf7,chr5,0.07329705056179772,0.13050093632958795,0.5990843459811118,0.0002824419054413
Zbp1,chr2,0.07796538877538753,0.16712734847574406,1.010733819758178,2.919050456979326e-18
Zbtb18,chr1,0.08522952117134935,0.12297190344281754,0.4150068313646171,0.0008254115057018
Zbtb21,chr16,0.08363249881908355,0.12268934026137614,0.4443631173535369,0.0001538377635968
Zbtb38,chr9,0.07457179300291543,0.11680029154518944,0.500136346309266,5.218324537690332e-05
Zc3hav1,chr6,0.07920343969223803,0.1386843525336397,0.7126850713339498,6.939005871024435e-12
Zeb2,chr2,0.0819628309572301,0.12308214528173789,0.4478221476949242,0.0001958522455988
Zfand2a,chr5,0.0789642159175146,0.12759170653907492,0.590522845754151,7.624854350694986e-08
Zfp282,chr6,0.08635604795871904,0.12677695148479787,0.4463249179654594,0.000164208432456
Zfp30,chr7,0.07104228121927232,0.143559488692232,0.6805060482753893,0.0004108527366983
Zfp316,chr5,0.08454191722674208,0.13253154109185236,0.5337692858409202,8.762238985064404e-06
Zfp319,chr8,0.08298601774670605,0.1440351348928923,0.632945956635025,7.776083649403401e-06
Zfp36,chr7,0.09080936128717695,0.13810336421257918,0.5126840751281754,1.032240620480951e-06
Zfp503,chr14,0.0802545793231915,0.14105350305288206,0.6446127536721147,1.051960906823013e-05
Zfp592,chr7,0.0887642892644135,0.12442014579191513,0.394528923755406,0.0001991406082686
Zfyve26,chr12,0.08370351884202641,0.13824141086432074,0.5672543843937773,1.548025651321645e-05
Zmynd19,chr2,0.10141823963890026,0.0695783750512925,-0.5106968780226271,6.565395694779102e-05
Znfx1,chr2,0.07265102639296182,0.16953274682306937,1.105931979031553,3.3935748876264383e-16
Znhit3,chr11,0.10693369587952305,0.06110994910409253,-0.7930575979465547,9.074392410939808e-11
Znrf1,chr8,0.08901144049048729,0.1419948170153593,0.5813554860964355,9.49610671395408e-08
Zswim7,chr11,0.09316120027913465,0.06327052802977433,-0.4986209202570559,9.638836650836948e-05
mt-Nd5,chrM,0.10012682001952625,0.0765779062290823,-0.3752554415600359,0.000755635882373
